-- MySQL dump 10.13  Distrib 5.7.12, for Win64 (x86_64)
--
-- Host: localhost    Database: hospital
-- ------------------------------------------------------
-- Server version	5.7.17-log

/*!40101 SET @OLD_CHARACTER_SET_CLIENT=@@CHARACTER_SET_CLIENT */;
/*!40101 SET @OLD_CHARACTER_SET_RESULTS=@@CHARACTER_SET_RESULTS */;
/*!40101 SET @OLD_COLLATION_CONNECTION=@@COLLATION_CONNECTION */;
/*!40101 SET NAMES utf8 */;
/*!40103 SET @OLD_TIME_ZONE=@@TIME_ZONE */;
/*!40103 SET TIME_ZONE='+00:00' */;
/*!40014 SET @OLD_UNIQUE_CHECKS=@@UNIQUE_CHECKS, UNIQUE_CHECKS=0 */;
/*!40014 SET @OLD_FOREIGN_KEY_CHECKS=@@FOREIGN_KEY_CHECKS, FOREIGN_KEY_CHECKS=0 */;
/*!40101 SET @OLD_SQL_MODE=@@SQL_MODE, SQL_MODE='NO_AUTO_VALUE_ON_ZERO' */;
/*!40111 SET @OLD_SQL_NOTES=@@SQL_NOTES, SQL_NOTES=0 */;

--
-- Dumping data for table `bed`
--

LOCK TABLES `bed` WRITE;
/*!40000 ALTER TABLE `bed` DISABLE KEYS */;
INSERT INTO `bed` VALUES (1,'201',1,NULL,NULL,0,50,NULL),(2,'202',2,NULL,NULL,1,50,NULL),(3,'203',3,NULL,NULL,0,32,NULL),(4,'204',3,NULL,NULL,0,32,NULL),(5,'205',4,NULL,NULL,1,32,NULL),(6,'206',4,NULL,NULL,1,32,NULL),(7,'207',5,NULL,NULL,1,27,NULL),(8,'208',5,NULL,NULL,1,27,NULL),(9,'209',5,NULL,NULL,1,27,NULL),(10,'210',6,NULL,NULL,1,27,NULL),(11,'211',6,NULL,NULL,1,27,NULL),(12,'212',6,NULL,NULL,1,27,NULL),(13,'213',7,NULL,NULL,1,27,NULL),(14,'214',7,NULL,NULL,1,27,NULL),(15,'215',7,NULL,NULL,1,27,NULL),(16,'216',8,NULL,NULL,1,22,NULL),(17,'217',8,NULL,NULL,1,22,NULL),(18,'218',8,NULL,NULL,0,22,NULL),(19,'219',8,NULL,NULL,1,22,NULL),(20,'220',9,NULL,NULL,1,22,NULL),(21,'221',9,NULL,NULL,0,22,NULL),(22,'222',9,NULL,NULL,0,22,NULL),(23,'223',9,NULL,NULL,1,22,NULL),(24,'224',10,NULL,NULL,1,22,NULL),(25,'225',10,NULL,NULL,1,22,NULL),(26,'226',10,NULL,NULL,1,22,NULL),(27,'227',10,NULL,NULL,1,22,NULL),(28,'301',11,NULL,NULL,1,50,NULL),(29,'302',12,NULL,NULL,1,50,NULL),(30,'303',13,NULL,NULL,1,32,NULL),(31,'304',13,NULL,NULL,1,32,NULL),(32,'305',14,NULL,NULL,1,32,NULL),(33,'306',14,NULL,NULL,1,32,NULL),(34,'307',15,NULL,NULL,1,27,NULL),(35,'308',15,NULL,NULL,1,27,NULL),(36,'309',15,NULL,NULL,1,27,NULL),(37,'310',16,NULL,NULL,1,27,NULL),(38,'311',16,NULL,NULL,1,27,NULL),(39,'312',16,NULL,NULL,1,27,NULL),(40,'313',17,NULL,NULL,1,27,NULL),(41,'314',17,NULL,NULL,1,27,NULL),(42,'315',17,NULL,NULL,1,27,NULL),(43,'316',18,NULL,NULL,1,22,NULL),(44,'317',18,NULL,NULL,1,22,NULL),(45,'318',18,NULL,NULL,1,22,NULL),(46,'319',18,NULL,NULL,1,22,NULL),(47,'320',19,NULL,NULL,1,22,NULL),(48,'321',19,NULL,NULL,1,22,NULL),(49,'322',19,NULL,NULL,1,22,NULL),(50,'323',19,NULL,NULL,1,22,NULL),(51,'324',20,NULL,NULL,1,22,NULL),(52,'325',20,NULL,NULL,1,22,NULL),(53,'326',20,NULL,NULL,1,22,NULL),(54,'327',20,NULL,NULL,1,22,NULL),(55,'401',21,NULL,NULL,1,50,NULL),(56,'402',22,NULL,NULL,0,50,NULL),(57,'403',23,NULL,NULL,1,32,NULL),(58,'404',23,NULL,NULL,1,32,NULL),(59,'405',24,NULL,NULL,1,32,NULL),(60,'406',24,NULL,NULL,1,32,NULL),(61,'407',25,NULL,NULL,1,27,NULL),(62,'408',25,NULL,NULL,1,27,NULL),(63,'409',25,NULL,NULL,1,27,NULL),(64,'410',26,NULL,NULL,1,27,NULL),(65,'411',26,NULL,NULL,1,27,NULL),(66,'412',26,NULL,NULL,1,27,NULL),(67,'413',27,NULL,NULL,1,27,NULL),(68,'414',27,NULL,NULL,1,27,NULL),(69,'415',27,NULL,NULL,1,27,NULL),(70,'416',28,NULL,NULL,1,22,NULL),(71,'417',28,NULL,NULL,1,22,NULL),(72,'418',28,NULL,NULL,1,22,NULL),(73,'419',28,NULL,NULL,1,22,NULL),(74,'420',29,NULL,NULL,1,22,NULL),(75,'421',29,NULL,NULL,1,22,NULL),(76,'422',29,NULL,NULL,1,22,NULL),(77,'423',29,NULL,NULL,1,22,NULL),(78,'424',30,NULL,NULL,1,22,NULL),(79,'425',30,NULL,NULL,1,22,NULL),(80,'426',30,NULL,NULL,1,22,NULL),(81,'427',30,NULL,NULL,1,22,NULL),(82,'501',31,NULL,NULL,1,50,NULL),(83,'502',32,NULL,NULL,0,50,NULL),(84,'503',33,NULL,NULL,1,32,NULL),(85,'504',33,NULL,NULL,1,32,NULL),(86,'505',34,NULL,NULL,1,32,NULL),(87,'506',34,NULL,NULL,1,32,NULL),(88,'507',35,NULL,NULL,1,27,NULL),(89,'508',35,NULL,NULL,1,27,NULL),(90,'509',35,NULL,NULL,1,27,NULL),(91,'510',36,NULL,NULL,1,27,NULL),(92,'511',36,NULL,NULL,1,27,NULL),(93,'512',36,NULL,NULL,1,27,NULL),(94,'513',37,NULL,NULL,1,27,NULL),(95,'514',37,NULL,NULL,1,27,NULL),(96,'515',37,NULL,NULL,1,27,NULL),(97,'516',38,NULL,NULL,1,22,NULL),(98,'517',38,NULL,NULL,1,22,NULL),(99,'518',38,NULL,NULL,1,22,NULL),(100,'519',38,NULL,NULL,1,22,NULL),(101,'520',39,NULL,NULL,1,22,NULL),(102,'521',39,NULL,NULL,1,22,NULL),(103,'522',39,NULL,NULL,1,22,NULL),(104,'523',39,NULL,NULL,1,22,NULL),(105,'524',40,NULL,NULL,1,22,NULL),(106,'525',40,NULL,NULL,1,22,NULL),(107,'526',40,NULL,NULL,1,22,NULL),(108,'527',40,NULL,NULL,1,22,NULL),(109,'601',41,NULL,NULL,1,50,NULL),(110,'602',42,NULL,NULL,0,50,NULL),(111,'603',43,NULL,NULL,1,32,NULL),(112,'604',43,NULL,NULL,1,32,NULL),(113,'605',44,NULL,NULL,1,32,NULL),(114,'606',44,NULL,NULL,1,32,NULL),(115,'607',45,NULL,NULL,1,27,NULL),(116,'608',45,NULL,NULL,1,27,NULL),(117,'609',45,NULL,NULL,1,27,NULL),(118,'610',46,NULL,NULL,1,27,NULL),(119,'611',46,NULL,NULL,1,27,NULL),(120,'612',46,NULL,NULL,1,27,NULL),(121,'613',47,NULL,NULL,1,27,NULL),(122,'614',47,NULL,NULL,1,27,NULL),(123,'615',47,NULL,NULL,1,27,NULL),(124,'616',48,NULL,NULL,1,22,NULL),(125,'617',48,NULL,NULL,1,22,NULL),(126,'618',48,NULL,NULL,1,22,NULL),(127,'619',48,NULL,NULL,1,22,NULL),(128,'620',49,NULL,NULL,1,22,NULL),(129,'621',49,NULL,NULL,1,22,NULL),(130,'622',49,NULL,NULL,1,22,NULL),(131,'623',49,NULL,NULL,1,22,NULL),(132,'624',50,NULL,NULL,1,22,NULL),(133,'625',50,NULL,NULL,1,22,NULL),(134,'626',50,NULL,NULL,1,22,NULL),(135,'627',50,NULL,NULL,1,22,NULL),(136,'701',51,NULL,NULL,1,50,NULL),(137,'702',52,NULL,NULL,0,50,NULL),(138,'703',53,NULL,NULL,1,32,NULL),(139,'704',53,NULL,NULL,1,32,NULL),(140,'705',54,NULL,NULL,1,32,NULL),(141,'706',54,NULL,NULL,1,32,NULL),(142,'707',55,NULL,NULL,1,27,NULL),(143,'708',55,NULL,NULL,1,27,NULL),(144,'709',55,NULL,NULL,1,27,NULL),(145,'710',56,NULL,NULL,1,27,NULL),(146,'711',56,NULL,NULL,1,27,NULL),(147,'712',56,NULL,NULL,1,27,NULL),(148,'713',57,NULL,NULL,1,27,NULL),(149,'714',57,NULL,NULL,1,27,NULL),(150,'715',57,NULL,NULL,1,27,NULL),(151,'716',58,NULL,NULL,1,22,NULL),(152,'717',58,NULL,NULL,1,22,NULL),(153,'718',58,NULL,NULL,1,22,NULL),(154,'719',58,NULL,NULL,1,22,NULL),(155,'720',59,NULL,NULL,1,22,NULL),(156,'721',59,NULL,NULL,1,22,NULL),(157,'722',59,NULL,NULL,1,22,NULL),(158,'723',59,NULL,NULL,1,22,NULL),(159,'724',60,NULL,NULL,1,22,NULL),(160,'725',60,NULL,NULL,1,22,NULL),(161,'726',60,NULL,NULL,1,22,NULL),(162,'727',60,NULL,NULL,1,22,NULL);
/*!40000 ALTER TABLE `bed` ENABLE KEYS */;
UNLOCK TABLES;

--
-- Dumping data for table `cost`
--

LOCK TABLES `cost` WRITE;
/*!40000 ALTER TABLE `cost` DISABLE KEYS */;
INSERT INTO `cost` VALUES (38,3,3,110),(39,6,1,114),(40,2,1,117);
/*!40000 ALTER TABLE `cost` ENABLE KEYS */;
UNLOCK TABLES;

--
-- Dumping data for table `deparment`
--

LOCK TABLES `deparment` WRITE;
/*!40000 ALTER TABLE `deparment` DISABLE KEYS */;
INSERT INTO `deparment` VALUES (1,'儿科','一楼','该科主要开展儿科各系统疾病，部分新生儿科疾病等诊疗技术，专长于呼吸系统、消化系统、泌尿系统及其他疑难危重等疾病的治疗。 主要收治小儿肺炎、小儿肠炎、小儿脑炎、急慢性肾炎、肾病综合征、颅内感染、癫痫、血液病、各种风湿性疾病，近期开展小儿多动症、孤独症、自闭症的诊治，及设置小儿ICU病房。','2019-01-23 00:51:42'),(2,'产科','二楼','产科是一个集医疗、教学、科研和预防为一体的科室。全体医护人员基础理论扎实，临床经验丰富，多年来在正常妊娠分娩、高危妊娠的管理和围产保健、妇科疾病治疗及危重病例抢救方面积累了丰富的经验。','2019-01-03 21:01:41'),(3,'妇科','三楼','妇科是技术全面，服务优良的综合性科室。实际开放病床20张，全科医护人员17人，其中副主任医生2人，主治医生5人。全科医护人员基础理论扎实，临床经验丰富，富于协作奉献精神。目前我科已成为集医疗、科研、教学为一体的临床科室','2019-01-22 16:00:00'),(4,'外科','五楼','普通外科是以收治胃肠、肝胆、胰脾、腺体及肛肠良、恶性疾病为主的综合性科室。','2019-01-22 16:00:00'),(5,'内科','六楼','科室主要从事呼吸内科、风湿免疫过敏专业的医疗、教学和科研工作。其学科方向是慢性阻塞性肺疾病（COPD），肺源性心脏病，呼吸衰竭、支气管哮喘、肺部感染、支气管扩张、肺间质纤维化、胸腔积液、肺部肿瘤等的基础和临床研究','2019-01-23 00:51:42'),(6,'五官科','七楼','科主要开展中耳成形术，乳突根治术，食道异物取除术，鼻窦内窥镜手术，喉息肉手术，扁桃体手术，气管异物取除术，喉癌根治术等诊疗技术，专长于鼻窦内窥镜手术，中耳成形术，喉肿物切除术，鼻咽癌介入治疗手术，选择性介入治疗顽固性鼻出血等疾病的治疗。主要收治慢性中耳炎，慢性鼻窦炎，多发性鼻息肉，鼻出血，慢性扁桃体炎，鼻咽癌，颜面部复杂性外伤，耳鼻喉病微波治疗，经硬腭进路鼻咽血管瘤切除术等疾病。','2019-01-22 16:00:00');
/*!40000 ALTER TABLE `deparment` ENABLE KEYS */;
UNLOCK TABLES;

--
-- Dumping data for table `inspection`
--

LOCK TABLES `inspection` WRITE;
/*!40000 ALTER TABLE `inspection` DISABLE KEYS */;
INSERT INTO `inspection` VALUES ('JY201905024670',54,1,'sy001','2019-05-02 03:18:17','sy001','2019-05-02 16:36:33',2,'<谷丙转氨酶偏高提示，数值：45U/L，参考值：0~42,<总蛋白偏低提示，数值：49g/L，参考值：60~80,<白蛋白偏高提示，数值：89g/L，参考值：35~55,<球蛋白偏高提示，数值：99g/L，参考值：15~35,<总胆红素偏低提示，数值：3μmol/L，参考值：5.1~19,<间接胆红素偏高提示，数值：18μmol/L，参考值：0~17.1,<碱性磷酸酶偏低提示，数值：19U/L，参考值：53~129'),('JY201905025244',56,2,'sy001','2019-05-02 03:18:17','sy001','2019-05-02 16:36:30',2,NULL),('JY201905036797',63,1,'sy001','2019-05-03 07:15:29','sy001','2019-05-03 07:15:43',2,'<谷丙转氨酶偏高提示，数值：60U/L，参考值：0~42,<总蛋白偏低提示，数值：40g/L，参考值：60~80,<白蛋白偏低提示，数值：30g/L，参考值：35~55,<球蛋白偏高提示，数值：40g/L，参考值：15~35,<白球比偏高提示，数值：2.1%，参考值：1~2,<碱性磷酸酶偏低提示，数值：4U/L，参考值：53~129'),('JY201905047517',70,1,'sy001','2019-05-04 04:07:44','sy001','2019-05-04 05:48:28',2,'<总蛋白偏低提示，数值：8g/L，参考值：60~80,<白蛋白偏低提示，数值：13g/L，参考值：35~55,<球蛋白偏低提示，数值：5g/L，参考值：15~35,<白球比偏高提示，数值：7%，参考值：1~2,<直接胆红素偏高提示，数值：10μmol/L，参考值：0~5.1,<间接胆红素偏高提示，数值：21μmol/L，参考值：0~17.1,<碱性磷酸酶偏低提示，数值：12U/L，参考值：53~129,<谷酰转肽酶偏低提示，数值：1U/L，参考值：11~50'),('JY201905047984',74,1,'sy001','2019-05-04 07:41:18','sy001','2019-05-04 07:41:27',2,'<白蛋白偏低提示，数值：8g/L，参考值：35~55,<球蛋白偏高提示，数值：66g/L，参考值：15~35,<总胆红素偏低提示，数值：5μmol/L，参考值：5.1~19,<间接胆红素偏高提示，数值：66μmol/L，参考值：0~17.1,<碱性磷酸酶偏低提示，数值：5U/L，参考值：53~129,<谷酰转肽酶偏低提示，数值：2U/L，参考值：11~50'),('JY201905051133',82,1,'sy008','2019-05-05 01:50:43','sy002','2019-05-05 02:10:44',0,NULL),('JY201905058870',81,1,'sy008','2019-05-05 01:51:00','sy002','2019-05-05 02:10:38',2,'<白蛋白偏低提示，数值：7g/L，参考值：35~55,<球蛋白偏高提示，数值：40g/L，参考值：15~35,<总胆红素偏低提示，数值：5μmol/L，参考值：5.1~19,<谷酰转肽酶偏高提示，数值：80U/L，参考值：11~50'),('JY201905074701',99,1,'sy008','2019-05-06 20:11:37',NULL,NULL,0,NULL),('JY201905076715',96,1,'sy008','2019-05-06 20:09:15',NULL,NULL,0,NULL),('JY201905292716',114,1,'sy008','2019-05-29 00:15:38','sy002','2019-05-29 00:31:33',2,'<总蛋白偏低提示，数值：23g/L，参考值：60~80,<球蛋白偏低提示，数值：1g/L，参考值：15~35,<总胆红素偏低提示，数值：2μmol/L，参考值：5.1~19,<碱性磷酸酶偏低提示，数值：2U/L，参考值：53~129,<谷酰转肽酶偏低提示，数值：2U/L，参考值：11~50');
/*!40000 ALTER TABLE `inspection` ENABLE KEYS */;
UNLOCK TABLES;

--
-- Dumping data for table `inspection_item`
--

LOCK TABLES `inspection_item` WRITE;
/*!40000 ALTER TABLE `inspection_item` DISABLE KEYS */;
INSERT INTO `inspection_item` VALUES (1,'肝功能十一项','GGNSYX',50.00,'采集前空腹，避免剧烈运动。','项',3),(2,'尿常规','NCG',30.00,'尿液标本必须新鲜,并按要求留取','项',3),(3,'血气分析','XQFX',57.00,'标本采集后立即送检,若血标本不能及时送检,应将其保存在4摄氏度环境中','项',3),(4,'便常规','BCG',28.00,'标本力求新鲜,采集标本后应立即送检','项',3),(5,'甲功五项','JGWX',300.00,'不必空腹','项',3);
/*!40000 ALTER TABLE `inspection_item` ENABLE KEYS */;
UNLOCK TABLES;

--
-- Dumping data for table `inspection_item_list`
--

LOCK TABLES `inspection_item_list` WRITE;
/*!40000 ALTER TABLE `inspection_item_list` DISABLE KEYS */;
INSERT INTO `inspection_item_list` VALUES (1,1,'谷丙转氨酶','ALT','U/L','GBZAM',42.00,0.00,NULL,'谷丙转氨偏高可能是肝脏收到损害造成的，如患慢性肝炎、肝硬化肝癌等。'),(2,1,'谷草转氨酶','AST','g/L','GCZAM',40.00,0.00,NULL,'肝功能检查中谷草转氨酶升高意味着肝脏损害严重'),(3,1,'总蛋白','TP','g/L','ZDB',80.00,60.00,NULL,'主要是血清中水分减少，使总蛋白浓度相对增高，如呕吐、大量出汗'),(4,1,'白蛋白','ALB','g/L','BDB',55.00,35.00,NULL,'主要用于血液浓缩而致相对性增高，如严重脱水和休克。'),(5,1,'球蛋白','GLB','g/L','QDB',35.00,15.00,NULL,'球蛋白是机体免疫器官制造的，当体内存在病毒等抗原时，球蛋白就会升高。'),(6,1,'白球比','A/G','%','BQB',2.00,1.00,NULL,'白球比值偏低、倒置，可能有慢性肝实质性损害。'),(7,1,'总胆红素','T-BIL','μmol/L','ZDHS',19.00,5.10,'','肝脏发送炎症、坏死、中毒等损害时均可以引起胆红素偏高'),(8,1,'直接胆红素','D-BIL','μmol/L','ZJDHS',5.10,0.00,'','肝内及肝外阻塞性黄疸，胰头癌，毛细胆管型肝炎及其他胆汁瘀滞综合征等。'),(9,1,'间接胆红素','I-BIL','μmol/L','JJDHS',17.10,0.00,'','衰老红细胞被破坏后产生出来的血红蛋白衍化而成。'),(10,1,'碱性磷酸酶','AKP','U/L','JXLSM',129.00,53.00,'','常见于骨病、肝病。'),(11,1,'谷酰转肽酶','GGT','U/L','GXZTM',50.00,11.00,'','乙肝患者体内谷氨酰转移酶若出现过度偏低则可能有重型肝炎，另外，急性乙肝爆发期也可使谷氨酰转移酶出现偏低的情况。'),(12,2,'2','2','2','2',2.00,2.00,NULL,'2');
/*!40000 ALTER TABLE `inspection_item_list` ENABLE KEYS */;
UNLOCK TABLES;

--
-- Dumping data for table `inspection_list`
--

LOCK TABLES `inspection_list` WRITE;
/*!40000 ALTER TABLE `inspection_list` DISABLE KEYS */;
INSERT INTO `inspection_list` VALUES (80,'JY201905024670',1,1,'谷丙转氨酶','ALT',42.00,0.00,NULL,'45','谷丙转氨酶偏高提示，数值：45U/L，参考值：0~42','U/L'),(81,'JY201905024670',2,1,'谷草转氨酶','AST',40.00,0.00,NULL,'25',NULL,'g/L'),(82,'JY201905024670',3,1,'总蛋白','TP',80.00,60.00,NULL,'49','总蛋白偏低提示，数值：49g/L，参考值：60~80','g/L'),(83,'JY201905024670',4,1,'白蛋白','ALB',55.00,35.00,NULL,'89','白蛋白偏高提示，数值：89g/L，参考值：35~55','g/L'),(84,'JY201905024670',5,1,'球蛋白','GLB',35.00,15.00,NULL,'99','球蛋白偏高提示，数值：99g/L，参考值：15~35','g/L'),(85,'JY201905024670',6,1,'白球比','A/G',2.00,1.00,NULL,'0',NULL,'%'),(86,'JY201905024670',7,1,'总胆红素','T-BIL',19.00,5.10,'','3','总胆红素偏低提示，数值：3μmol/L，参考值：5.1~19','μmol/L'),(87,'JY201905024670',8,1,'直接胆红素','D-BIL',5.10,0.00,'','5',NULL,'μmol/L'),(88,'JY201905024670',9,1,'间接胆红素','I-BIL',17.10,0.00,'','18','间接胆红素偏高提示，数值：18μmol/L，参考值：0~17.1','μmol/L'),(89,'JY201905024670',10,1,'碱性磷酸酶','AKP',129.00,53.00,'','19','碱性磷酸酶偏低提示，数值：19U/L，参考值：53~129','U/L'),(90,'JY201905024670',11,1,'谷酰转肽酶','GGT',50.00,11.00,'','22',NULL,'U/L'),(91,'JY201905025244',12,2,'2','2',2.00,2.00,NULL,'1',NULL,'2'),(92,'JY201905036797',1,1,'谷丙转氨酶','ALT',42.00,0.00,NULL,'60','谷丙转氨酶偏高提示，数值：60U/L，参考值：0~42','U/L'),(93,'JY201905036797',2,1,'谷草转氨酶','AST',40.00,0.00,NULL,'20',NULL,'g/L'),(94,'JY201905036797',3,1,'总蛋白','TP',80.00,60.00,NULL,'40','总蛋白偏低提示，数值：40g/L，参考值：60~80','g/L'),(95,'JY201905036797',4,1,'白蛋白','ALB',55.00,35.00,NULL,'30','白蛋白偏低提示，数值：30g/L，参考值：35~55','g/L'),(96,'JY201905036797',5,1,'球蛋白','GLB',35.00,15.00,NULL,'40','球蛋白偏高提示，数值：40g/L，参考值：15~35','g/L'),(97,'JY201905036797',6,1,'白球比','A/G',2.00,1.00,NULL,'2.1','白球比偏高提示，数值：2.1%，参考值：1~2','%'),(98,'JY201905036797',7,1,'总胆红素','T-BIL',19.00,5.10,'','7',NULL,'μmol/L'),(99,'JY201905036797',8,1,'直接胆红素','D-BIL',5.10,0.00,'','1',NULL,'μmol/L'),(100,'JY201905036797',9,1,'间接胆红素','I-BIL',17.10,0.00,'','4',NULL,'μmol/L'),(101,'JY201905036797',10,1,'碱性磷酸酶','AKP',129.00,53.00,'','4','碱性磷酸酶偏低提示，数值：4U/L，参考值：53~129','U/L'),(102,'JY201905036797',11,1,'谷酰转肽酶','GGT',50.00,11.00,'','12',NULL,'U/L'),(107,'JY201905047517',1,1,'谷丙转氨酶','ALT',42.00,0.00,NULL,'5',NULL,'U/L'),(108,'JY201905047517',2,1,'谷草转氨酶','AST',40.00,0.00,NULL,'7',NULL,'g/L'),(109,'JY201905047517',3,1,'总蛋白','TP',80.00,60.00,NULL,'8','总蛋白偏低提示，数值：8g/L，参考值：60~80','g/L'),(110,'JY201905047517',4,1,'白蛋白','ALB',55.00,35.00,NULL,'13','白蛋白偏低提示，数值：13g/L，参考值：35~55','g/L'),(111,'JY201905047517',5,1,'球蛋白','GLB',35.00,15.00,NULL,'5','球蛋白偏低提示，数值：5g/L，参考值：15~35','g/L'),(112,'JY201905047517',6,1,'白球比','A/G',2.00,1.00,NULL,'7','白球比偏高提示，数值：7%，参考值：1~2','%'),(113,'JY201905047517',7,1,'总胆红素','T-BIL',19.00,5.10,'','9',NULL,'μmol/L'),(114,'JY201905047517',8,1,'直接胆红素','D-BIL',5.10,0.00,'','10','直接胆红素偏高提示，数值：10μmol/L，参考值：0~5.1','μmol/L'),(115,'JY201905047517',9,1,'间接胆红素','I-BIL',17.10,0.00,'','21','间接胆红素偏高提示，数值：21μmol/L，参考值：0~17.1','μmol/L'),(116,'JY201905047517',10,1,'碱性磷酸酶','AKP',129.00,53.00,'','12','碱性磷酸酶偏低提示，数值：12U/L，参考值：53~129','U/L'),(117,'JY201905047517',11,1,'谷酰转肽酶','GGT',50.00,11.00,'','1','谷酰转肽酶偏低提示，数值：1U/L，参考值：11~50','U/L'),(122,'JY201905047984',1,1,'谷丙转氨酶','ALT',42.00,0.00,NULL,'5',NULL,'U/L'),(123,'JY201905047984',2,1,'谷草转氨酶','AST',40.00,0.00,NULL,'7',NULL,'g/L'),(124,'JY201905047984',3,1,'总蛋白','TP',80.00,60.00,NULL,'77',NULL,'g/L'),(125,'JY201905047984',4,1,'白蛋白','ALB',55.00,35.00,NULL,'8','白蛋白偏低提示，数值：8g/L，参考值：35~55','g/L'),(126,'JY201905047984',5,1,'球蛋白','GLB',35.00,15.00,NULL,'66','球蛋白偏高提示，数值：66g/L，参考值：15~35','g/L'),(127,'JY201905047984',6,1,'白球比','A/G',2.00,1.00,NULL,'1',NULL,'%'),(128,'JY201905047984',7,1,'总胆红素','T-BIL',19.00,5.10,'','5','总胆红素偏低提示，数值：5μmol/L，参考值：5.1~19','μmol/L'),(129,'JY201905047984',8,1,'直接胆红素','D-BIL',5.10,0.00,'','2',NULL,'μmol/L'),(130,'JY201905047984',9,1,'间接胆红素','I-BIL',17.10,0.00,'','66','间接胆红素偏高提示，数值：66μmol/L，参考值：0~17.1','μmol/L'),(131,'JY201905047984',10,1,'碱性磷酸酶','AKP',129.00,53.00,'','5','碱性磷酸酶偏低提示，数值：5U/L，参考值：53~129','U/L'),(132,'JY201905047984',11,1,'谷酰转肽酶','GGT',50.00,11.00,'','2','谷酰转肽酶偏低提示，数值：2U/L，参考值：11~50','U/L'),(137,'JY201905058870',1,1,'谷丙转氨酶','ALT',42.00,0.00,NULL,'10',NULL,'U/L'),(138,'JY201905058870',2,1,'谷草转氨酶','AST',40.00,0.00,NULL,'5',NULL,'g/L'),(139,'JY201905058870',3,1,'总蛋白','TP',80.00,60.00,NULL,'70',NULL,'g/L'),(140,'JY201905058870',4,1,'白蛋白','ALB',55.00,35.00,NULL,'7','白蛋白偏低提示，数值：7g/L，参考值：35~55','g/L'),(141,'JY201905058870',5,1,'球蛋白','GLB',35.00,15.00,NULL,'40','球蛋白偏高提示，数值：40g/L，参考值：15~35','g/L'),(142,'JY201905058870',6,1,'白球比','A/G',2.00,1.00,NULL,'1',NULL,'%'),(143,'JY201905058870',7,1,'总胆红素','T-BIL',19.00,5.10,'','5','总胆红素偏低提示，数值：5μmol/L，参考值：5.1~19','μmol/L'),(144,'JY201905058870',8,1,'直接胆红素','D-BIL',5.10,0.00,'','4',NULL,'μmol/L'),(145,'JY201905058870',9,1,'间接胆红素','I-BIL',17.10,0.00,'','17',NULL,'μmol/L'),(146,'JY201905058870',10,1,'碱性磷酸酶','AKP',129.00,53.00,'','70',NULL,'U/L'),(147,'JY201905058870',11,1,'谷酰转肽酶','GGT',50.00,11.00,'','80','谷酰转肽酶偏高提示，数值：80U/L，参考值：11~50','U/L'),(148,'JY201905292716',1,1,'谷丙转氨酶','ALT',42.00,0.00,NULL,'11',NULL,'U/L'),(149,'JY201905292716',2,1,'谷草转氨酶','AST',40.00,0.00,NULL,'12',NULL,'g/L'),(150,'JY201905292716',3,1,'总蛋白','TP',80.00,60.00,NULL,'23','总蛋白偏低提示，数值：23g/L，参考值：60~80','g/L'),(151,'JY201905292716',4,1,'白蛋白','ALB',55.00,35.00,NULL,'42',NULL,'g/L'),(152,'JY201905292716',5,1,'球蛋白','GLB',35.00,15.00,NULL,'1','球蛋白偏低提示，数值：1g/L，参考值：15~35','g/L'),(153,'JY201905292716',6,1,'白球比','A/G',2.00,1.00,NULL,'1',NULL,'%'),(154,'JY201905292716',7,1,'总胆红素','T-BIL',19.00,5.10,'','2','总胆红素偏低提示，数值：2μmol/L，参考值：5.1~19','μmol/L'),(155,'JY201905292716',8,1,'直接胆红素','D-BIL',5.10,0.00,'','4',NULL,'μmol/L'),(156,'JY201905292716',9,1,'间接胆红素','I-BIL',17.10,0.00,'','1',NULL,'μmol/L'),(157,'JY201905292716',10,1,'碱性磷酸酶','AKP',129.00,53.00,'','2','碱性磷酸酶偏低提示，数值：2U/L，参考值：53~129','U/L'),(158,'JY201905292716',11,1,'谷酰转肽酶','GGT',50.00,11.00,'','2','谷酰转肽酶偏低提示，数值：2U/L，参考值：11~50','U/L');
/*!40000 ALTER TABLE `inspection_list` ENABLE KEYS */;
UNLOCK TABLES;

--
-- Dumping data for table `medical_orders`
--

LOCK TABLES `medical_orders` WRITE;
/*!40000 ALTER TABLE `medical_orders` DISABLE KEYS */;
INSERT INTO `medical_orders` VALUES (17,'WID984','2019-04-26','sy001',1),(18,'NDX463','2019-04-27','sy001',1),(19,'KBA480','2019-05-04','sy010',1),(20,'RBM266','2019-05-29','sy009',1);
/*!40000 ALTER TABLE `medical_orders` ENABLE KEYS */;
UNLOCK TABLES;

--
-- Dumping data for table `medical_orders_action`
--

LOCK TABLES `medical_orders_action` WRITE;
/*!40000 ALTER TABLE `medical_orders_action` DISABLE KEYS */;
INSERT INTO `medical_orders_action` VALUES (8,'WID984','2019-04-25 00:00:00','sy001',0,17),(9,'WID984','2019-04-28 00:00:00','sy001',1,17),(10,'WID984','2019-04-27 00:00:00','sy001',0,17),(11,'WID984','2019-04-29 00:00:00','sy001',1,17),(12,'NDX463','2019-04-27 00:00:00','sy001',0,18),(13,'WID984','2019-04-30 00:00:00','sy001',1,17),(14,'WID984','2019-05-01 00:00:00','sy001',1,17),(15,'WID984','2019-05-02 00:00:00','sy001',1,17),(16,'WID984','2019-05-03 00:00:00','sy001',1,17),(17,'WID984','2019-05-04 00:00:00','sy001',1,17),(18,'KBA480','2019-05-04 00:00:00','sy010',1,19),(19,'WID984','2019-05-05 00:00:00','sy001',1,17),(20,'NDX463','2019-05-05 00:00:00','sy001',1,18),(21,'WID984','2019-05-06 00:00:00','sy001',0,17),(22,'WID984','2019-05-07 00:00:00','sy001',1,17),(23,'WID984','2019-05-08 00:00:00','sy001',1,17),(24,'WID984','2019-05-29 00:00:00','sy001',0,17),(25,'RBM266','2019-05-29 00:00:00','sy009',1,20);
/*!40000 ALTER TABLE `medical_orders_action` ENABLE KEYS */;
UNLOCK TABLES;

--
-- Dumping data for table `medical_orders_list`
--

LOCK TABLES `medical_orders_list` WRITE;
/*!40000 ALTER TABLE `medical_orders_list` DISABLE KEYS */;
INSERT INTO `medical_orders_list` VALUES (186,17,3,NULL,NULL,1,1,'','','pc','2019-04-25 08:25:08','sy001',1,NULL,1,'2019-04-27 01:30:30',0,NULL,1,NULL,'sy001',NULL,1,2),(187,17,NULL,1,NULL,1,1,'','','ac','2019-04-25 08:25:08','sy001',1,NULL,1,'2019-04-27 01:30:30',0,NULL,1,NULL,'sy001',NULL,1,3),(188,17,NULL,NULL,3,1,1,'','','','2019-04-27 17:10:41','sy001',1,NULL,1,'2019-04-27 15:48:04',0,NULL,2,'2019-04-29 20:50:41','sy001','sy001',1,1),(190,17,NULL,2,NULL,1,1,'','','ac','2019-04-27 17:10:41','sy001',1,NULL,1,'2019-04-27 15:48:04',0,NULL,2,'2019-04-29 20:50:41','sy001','sy001',1,3),(191,18,NULL,2,NULL,1,1,NULL,NULL,'','2019-04-27 01:22:57','sy001',1,NULL,1,'2019-04-27 17:32:58',0,NULL,1,NULL,'sy001',NULL,1,3),(192,17,NULL,NULL,4,1,1,'','','','2019-04-25 16:20:05','sy001',1,NULL,1,'2019-04-27 16:24:33',0,NULL,1,NULL,'sy001',NULL,1,1),(194,17,NULL,1,NULL,1,1,NULL,NULL,'','2019-04-27 17:10:41','sy001',1,NULL,1,'2019-04-27 16:38:52',0,NULL,2,'2019-04-29 20:50:41','sy001','sy001',1,3),(195,17,NULL,2,NULL,1,1,NULL,NULL,'','2019-04-27 17:10:41','sy001',1,NULL,1,'2019-04-27 17:28:41',0,NULL,2,'2019-04-29 20:50:41','sy001','sy001',1,3),(197,17,NULL,1,NULL,1,1,NULL,NULL,'','2019-04-29 00:02:07','sy001',1,NULL,1,'2019-04-29 00:02:24',0,NULL,1,NULL,'sy001',NULL,1,3),(198,17,NULL,NULL,6,1,1,'','','','2019-04-29 00:05:25','sy001',1,NULL,1,'2019-04-29 00:05:42',0,NULL,1,NULL,'sy001',NULL,1,1),(199,17,1,NULL,NULL,1,1,NULL,NULL,'','2019-04-29 00:34:09','sy001',1,NULL,1,'2019-04-29 00:34:29',0,NULL,2,'2019-05-07 00:43:48','sy001','sy009',1,2),(200,17,5,NULL,NULL,1,1,NULL,NULL,'','2019-04-29 00:35:35','sy001',1,NULL,1,'2019-04-29 00:35:42',0,NULL,1,NULL,'sy001',NULL,1,2),(201,17,17,NULL,NULL,1,1,NULL,NULL,'','2019-04-29 00:58:06','sy001',1,NULL,1,'2019-04-29 00:58:15',0,NULL,1,NULL,'sy001',NULL,1,2),(202,17,11,NULL,NULL,1,1,NULL,NULL,'','2019-04-29 01:01:12','sy001',1,NULL,1,'2019-04-29 01:01:18',0,NULL,2,'2019-05-07 00:43:48','sy001','sy009',1,2),(203,17,21,NULL,NULL,1,1,NULL,NULL,'','2019-04-29 01:11:20','sy001',1,NULL,1,'2019-04-29 01:11:28',0,NULL,1,NULL,'sy001',NULL,1,2),(204,17,NULL,NULL,64,1,1,'','','','2019-04-30 00:16:00','sy001',1,NULL,1,'2019-04-30 00:16:06',0,NULL,1,NULL,'sy001',NULL,1,1),(205,17,NULL,NULL,39,2,1,'','p.o. 口服','ac','2019-05-01 03:02:42','sy001',1,NULL,1,'2019-05-01 03:02:56',0,NULL,2,'2019-05-07 00:43:48','sy001','sy009',1,1),(206,17,NULL,NULL,120,1,1,'45滴/分','I.d 皮内注射','am','2019-05-01 03:02:42','sy001',1,NULL,1,'2019-05-01 03:02:56',0,NULL,2,'2019-05-07 00:43:48','sy001','sy009',1,1),(207,17,NULL,1,NULL,1,1,NULL,NULL,'','2019-05-02 11:06:43','sy001',1,NULL,1,'2019-05-02 11:06:49',0,NULL,1,NULL,'sy001',NULL,1,3),(208,17,NULL,1,NULL,1,1,NULL,NULL,'','2019-05-02 11:11:09','sy001',1,NULL,1,'2019-05-02 11:11:27',0,NULL,1,NULL,'sy001',NULL,1,3),(209,17,NULL,1,NULL,1,1,NULL,NULL,'','2019-05-02 11:11:22','sy001',1,NULL,1,'2019-05-02 11:11:30',0,NULL,2,'2019-05-07 00:43:48','sy001','sy009',1,3),(210,17,NULL,1,NULL,1,1,NULL,NULL,'','2019-05-02 11:13:26','sy001',1,NULL,1,'2019-05-02 11:13:31',0,NULL,1,NULL,'sy001',NULL,1,3),(211,17,NULL,2,NULL,1,1,NULL,NULL,'','2019-05-02 11:17:21','sy001',1,NULL,1,'2019-05-02 11:17:31',0,NULL,1,NULL,'sy001',NULL,1,3),(212,17,4,NULL,NULL,1,1,NULL,NULL,'','2019-05-04 13:43:58','sy001',1,NULL,1,'2019-05-04 13:44:07',0,NULL,1,NULL,'sy001',NULL,1,2),(213,17,4,NULL,NULL,1,1,NULL,NULL,'','2019-05-04 13:43:54','sy001',1,NULL,1,'2019-05-04 13:44:11',0,NULL,2,'2019-05-07 00:43:48','sy001','sy009',1,2),(214,19,NULL,NULL,104,1,3,'','p.o. 口服','am','2019-05-04 15:35:22','sy010',1,NULL,1,'2019-05-04 15:37:10',0,NULL,1,NULL,'sy001',NULL,3,1),(215,19,NULL,1,NULL,1,1,NULL,NULL,'','2019-05-04 15:35:22','sy010',1,NULL,1,'2019-05-04 15:37:10',0,NULL,1,NULL,'sy001',NULL,1,3),(216,18,NULL,1,NULL,1,1,NULL,NULL,'','2019-05-05 09:49:03','sy009',1,NULL,1,'2019-05-05 09:50:29',0,NULL,1,NULL,'sy008',NULL,1,3),(217,17,NULL,NULL,48,1,2,'','p.o. 口服','pc','2019-05-07 03:35:59','sy009',1,NULL,1,'2019-05-07 03:40:23',0,NULL,1,NULL,'sy008',NULL,2,1),(218,17,NULL,1,NULL,1,1,NULL,NULL,'','2019-05-07 03:36:25','sy009',1,NULL,1,'2019-05-07 03:40:23',0,NULL,1,NULL,'sy008',NULL,1,3),(219,17,15,NULL,NULL,1,1,NULL,NULL,'','2019-05-07 03:36:25','sy009',1,NULL,1,'2019-05-07 03:40:23',0,NULL,1,NULL,'sy008',NULL,1,2),(220,17,NULL,NULL,42,1,1,'','I.m 肌肉注射','sos','2019-05-08 13:29:39','sy009',1,NULL,1,'2019-05-08 13:30:14',0,NULL,2,NULL,'sy008',NULL,1,1),(221,17,NULL,NULL,59,1,1,'','','pc','2019-05-08 13:29:39','sy009',1,NULL,1,'2019-05-08 13:30:14',0,NULL,2,NULL,'sy008',NULL,1,1),(222,17,NULL,NULL,414,1,1,'','p.o. 口服','Qid','2019-05-08 13:29:39','sy009',1,NULL,1,'2019-05-08 13:30:14',0,NULL,2,NULL,'sy008',NULL,4,1),(223,17,NULL,NULL,59,1,1,'','p.o. 口服','tid','2019-05-08 13:29:39','sy009',1,NULL,1,'2019-05-08 13:30:14',0,NULL,2,NULL,'sy008',NULL,3,1),(224,17,NULL,NULL,406,1,1,'','','','2019-05-08 13:29:39','sy009',1,NULL,1,'2019-05-08 13:30:14',0,NULL,2,NULL,'sy008',NULL,1,1),(225,17,NULL,NULL,411,1,1,'','','Bid','2019-05-08 13:29:39','sy009',1,NULL,1,'2019-05-08 13:30:14',0,NULL,2,NULL,'sy008',NULL,2,1),(226,20,NULL,NULL,107,1,1,'','p.o. 口服','Qid','2019-05-29 08:11:35','sy009',1,NULL,1,'2019-05-29 08:13:50',0,NULL,1,NULL,'sy008',NULL,4,1),(227,20,NULL,1,NULL,1,1,NULL,NULL,'','2019-05-29 08:11:35','sy009',1,NULL,1,'2019-05-29 08:13:50',0,NULL,1,NULL,'sy008',NULL,1,3);
/*!40000 ALTER TABLE `medical_orders_list` ENABLE KEYS */;
UNLOCK TABLES;

--
-- Dumping data for table `medical_orders_list_action`
--

LOCK TABLES `medical_orders_list_action` WRITE;
/*!40000 ALTER TABLE `medical_orders_list_action` DISABLE KEYS */;
INSERT INTO `medical_orders_list_action` VALUES (9,8,NULL,NULL,4,1,1,'','','',NULL,'sy001','2019-04-25 16:20:05',0,NULL,1,192,'2019-04-25 00:00:00',1,1,NULL,NULL),(10,8,3,NULL,NULL,1,1,'','','pc',NULL,'sy001','2019-04-25 08:25:08',0,NULL,1,186,'2019-04-25 00:00:00',1,2,NULL,NULL),(11,8,NULL,1,NULL,1,1,'','','ac',NULL,'sy001','2019-04-25 08:25:08',0,NULL,1,187,'2019-04-25 00:00:00',1,3,NULL,NULL),(16,10,NULL,1,NULL,1,1,NULL,NULL,'','sy001','sy001','2019-04-27 16:38:37',1,'2019-04-27 16:39:28',2,194,'2019-04-27 00:00:00',1,3,NULL,NULL),(17,9,NULL,NULL,3,1,1,'','','','sy001','sy001','2019-04-28 09:25:14',1,'2019-04-27 16:40:18',2,188,'2019-04-28 00:00:00',1,1,NULL,NULL),(18,9,NULL,2,NULL,1,1,'','','ac','sy001','sy001','2019-04-28 09:25:14',1,'2019-04-27 16:40:18',2,190,'2019-04-28 00:00:00',1,3,NULL,NULL),(19,9,NULL,1,NULL,1,1,NULL,NULL,'','sy001','sy001','2019-04-27 16:38:37',1,'2019-04-27 16:40:18',2,194,'2019-04-28 00:00:00',1,3,NULL,NULL),(21,10,NULL,NULL,3,1,1,'','','',NULL,'sy001','2019-04-27 17:10:41',0,NULL,2,188,'2019-04-27 00:00:00',1,1,'2019-04-29 20:50:41','sy001'),(22,10,NULL,2,NULL,1,1,'','','ac',NULL,'sy001','2019-04-27 17:10:41',0,NULL,2,190,'2019-04-27 00:00:00',1,3,'2019-04-29 20:50:41','sy001'),(23,10,NULL,2,NULL,1,1,NULL,NULL,'',NULL,'sy001','2019-04-27 17:10:41',0,NULL,2,195,'2019-04-27 00:00:00',1,3,'2019-04-29 20:50:41','sy001'),(25,11,NULL,NULL,3,1,1,'','','','sy001','sy001','2019-04-27 17:10:41',1,'2019-04-29 00:28:47',2,188,'2019-04-29 00:00:00',1,1,'2019-04-29 20:50:41','sy001'),(26,11,NULL,2,NULL,1,1,'','','ac','sy001','sy001','2019-04-27 17:10:41',1,'2019-04-29 00:28:52',2,190,'2019-04-29 00:00:00',1,3,'2019-04-29 20:50:41','sy001'),(27,11,NULL,1,NULL,1,1,NULL,NULL,'','sy001','sy001','2019-04-27 17:10:41',1,'2019-04-29 00:28:52',2,194,'2019-04-29 00:00:00',1,3,'2019-04-29 20:50:41','sy001'),(28,11,NULL,2,NULL,1,1,NULL,NULL,'','sy001','sy001','2019-04-27 17:10:41',1,'2019-04-29 00:28:52',2,195,'2019-04-29 00:00:00',1,3,'2019-04-29 20:50:41','sy001'),(29,12,NULL,2,NULL,1,1,NULL,NULL,'',NULL,'sy001','2019-04-27 01:22:57',0,NULL,1,191,'2019-04-27 00:00:00',1,3,NULL,NULL),(30,11,NULL,1,NULL,1,1,NULL,NULL,'','sy001','sy001','2019-04-29 00:02:07',1,'2019-04-29 00:35:47',1,197,'2019-04-29 00:00:00',1,3,NULL,NULL),(31,11,NULL,NULL,6,1,1,'','','','sy001','sy001','2019-04-29 00:05:25',1,'2019-04-29 00:18:59',1,198,'2019-04-29 00:00:00',1,1,NULL,NULL),(32,11,1,NULL,NULL,1,1,NULL,NULL,'','sy001','sy001','2019-04-29 00:34:09',1,'2019-04-29 00:36:49',2,199,'2019-04-29 00:00:00',1,2,NULL,NULL),(33,11,5,NULL,NULL,1,1,NULL,NULL,'','sy001','sy001','2019-04-29 00:35:35',1,'2019-04-29 00:55:42',1,200,'2019-04-29 00:00:00',1,2,NULL,NULL),(34,11,17,NULL,NULL,1,1,NULL,NULL,'','sy001','sy001','2019-04-29 00:58:06',1,'2019-04-29 00:58:28',1,201,'2019-04-29 00:00:00',1,2,NULL,NULL),(35,11,11,NULL,NULL,1,1,NULL,NULL,'','sy001','sy001','2019-04-29 01:01:12',1,'2019-04-29 01:01:38',2,202,'2019-04-29 00:00:00',1,2,NULL,NULL),(36,11,21,NULL,NULL,1,1,NULL,NULL,'','sy001','sy001','2019-04-29 01:11:20',1,'2019-04-29 01:11:49',1,203,'2019-04-29 00:00:00',1,2,NULL,NULL),(37,13,1,NULL,NULL,1,1,NULL,NULL,'','sy001','sy001','2019-04-29 00:34:09',1,'2019-04-30 02:22:26',2,199,'2019-04-30 00:00:00',1,2,NULL,NULL),(38,13,11,NULL,NULL,1,1,NULL,NULL,'','sy001','sy001','2019-04-29 01:01:12',1,'2019-04-30 02:22:26',2,202,'2019-04-30 00:00:00',1,2,NULL,NULL),(40,13,NULL,NULL,64,1,1,'','','','sy001','sy001','2019-04-30 00:16:00',1,'2019-04-30 00:16:16',1,204,'2019-04-30 00:00:00',1,1,NULL,NULL),(41,14,1,NULL,NULL,1,1,NULL,NULL,'','sy001','sy001','2019-04-29 00:34:09',1,'2019-05-01 03:03:11',2,199,'2019-05-01 00:00:00',1,2,NULL,NULL),(42,14,11,NULL,NULL,1,1,NULL,NULL,'','sy001','sy001','2019-04-29 01:01:12',1,'2019-05-01 03:03:11',2,202,'2019-05-01 00:00:00',1,2,NULL,NULL),(44,14,NULL,NULL,39,2,1,'','p.o. 口服','ac','sy001','sy001','2019-05-01 03:02:42',1,'2019-05-01 03:03:11',2,205,'2019-05-01 00:00:00',1,1,NULL,NULL),(45,14,NULL,NULL,120,1,1,'45滴/分','I.d 皮内注射','am','sy001','sy001','2019-05-01 03:02:42',1,'2019-05-01 03:03:11',2,206,'2019-05-01 00:00:00',1,1,NULL,NULL),(46,15,NULL,NULL,39,2,1,'','p.o. 口服','ac','sy001','sy001','2019-05-01 03:02:42',1,'2019-05-02 11:18:17',2,205,'2019-05-02 00:00:00',1,1,NULL,NULL),(47,15,NULL,NULL,120,1,1,'45滴/分','I.d 皮内注射','am','sy001','sy001','2019-05-01 03:02:42',1,'2019-05-02 11:18:17',2,206,'2019-05-02 00:00:00',1,1,NULL,NULL),(49,15,1,NULL,NULL,1,1,NULL,NULL,'','sy001','sy001','2019-04-29 00:34:09',1,'2019-05-02 11:18:17',2,199,'2019-05-02 00:00:00',1,2,NULL,NULL),(50,15,11,NULL,NULL,1,1,NULL,NULL,'','sy001','sy001','2019-04-29 01:01:12',1,'2019-05-02 11:18:17',2,202,'2019-05-02 00:00:00',1,2,NULL,NULL),(52,15,NULL,1,NULL,1,1,NULL,NULL,'','sy001','sy001','2019-05-02 11:06:43',1,'2019-05-02 11:06:56',1,207,'2019-05-02 00:00:00',1,3,NULL,NULL),(53,15,NULL,1,NULL,1,1,NULL,NULL,'','sy001','sy001','2019-05-02 11:11:09',1,'2019-05-02 11:11:35',1,208,'2019-05-02 00:00:00',1,3,NULL,NULL),(54,15,NULL,1,NULL,1,1,NULL,NULL,'','sy001','sy001','2019-05-02 11:11:22',1,'2019-05-02 11:18:17',2,209,'2019-05-02 00:00:00',1,3,NULL,NULL),(55,15,NULL,1,NULL,1,1,NULL,NULL,'','sy001','sy001','2019-05-02 11:13:26',1,'2019-05-02 11:14:00',1,210,'2019-05-02 00:00:00',1,3,NULL,NULL),(56,15,NULL,2,NULL,1,1,NULL,NULL,'','sy001','sy001','2019-05-02 11:17:21',1,'2019-05-02 11:17:38',1,211,'2019-05-02 00:00:00',1,3,NULL,NULL),(57,16,NULL,NULL,39,2,1,'','p.o. 口服','ac','sy001','sy001','2019-05-01 03:02:42',1,'2019-05-04 13:35:24',2,205,'2019-05-03 00:00:00',1,1,NULL,NULL),(58,16,NULL,NULL,120,1,1,'45滴/分','I.d 皮内注射','am','sy001','sy001','2019-05-01 03:02:42',1,'2019-05-04 13:35:24',2,206,'2019-05-03 00:00:00',1,1,NULL,NULL),(60,16,1,NULL,NULL,1,1,NULL,NULL,'','sy001','sy001','2019-04-29 00:34:09',1,'2019-05-04 13:35:24',2,199,'2019-05-03 00:00:00',1,2,NULL,NULL),(61,16,11,NULL,NULL,1,1,NULL,NULL,'','sy001','sy001','2019-04-29 01:01:12',1,'2019-05-04 13:35:24',2,202,'2019-05-03 00:00:00',1,2,NULL,NULL),(63,16,NULL,1,NULL,1,1,NULL,NULL,'','sy001','sy001','2019-05-02 11:11:22',1,'2019-05-03 15:15:29',2,209,'2019-05-03 00:00:00',1,3,NULL,NULL),(64,17,NULL,NULL,39,2,1,'','p.o. 口服','ac','sy001','sy001','2019-05-01 03:02:42',1,'2019-05-04 12:07:44',2,205,'2019-05-04 00:00:00',1,1,NULL,NULL),(65,17,NULL,NULL,120,1,1,'45滴/分','I.d 皮内注射','am','sy001','sy001','2019-05-01 03:02:42',1,'2019-05-04 12:07:44',2,206,'2019-05-04 00:00:00',1,1,NULL,NULL),(67,17,1,NULL,NULL,1,1,NULL,NULL,'','sy001','sy001','2019-04-29 00:34:09',1,'2019-05-04 12:07:44',2,199,'2019-05-04 00:00:00',1,2,NULL,NULL),(68,17,11,NULL,NULL,1,1,NULL,NULL,'','sy001','sy001','2019-04-29 01:01:12',1,'2019-05-04 12:07:44',2,202,'2019-05-04 00:00:00',1,2,NULL,NULL),(70,17,NULL,1,NULL,1,1,NULL,NULL,'','sy001','sy001','2019-05-02 11:11:22',1,'2019-05-04 12:07:44',2,209,'2019-05-04 00:00:00',1,3,NULL,NULL),(71,17,4,NULL,NULL,1,1,NULL,NULL,'','sy001','sy001','2019-05-04 13:43:58',1,'2019-05-04 13:45:00',1,212,'2019-05-04 00:00:00',1,2,NULL,NULL),(72,17,4,NULL,NULL,1,1,NULL,NULL,'','sy001','sy001','2019-05-04 13:43:54',1,'2019-05-04 13:45:42',2,213,'2019-05-04 00:00:00',1,2,NULL,NULL),(73,18,NULL,NULL,104,1,3,'','p.o. 口服','am','sy001','sy010','2019-05-04 15:35:22',1,'2019-05-04 15:41:18',1,214,'2019-05-04 00:00:00',3,1,NULL,NULL),(74,18,NULL,1,NULL,1,1,NULL,NULL,'','sy001','sy010','2019-05-04 15:35:22',1,'2019-05-04 15:41:18',1,215,'2019-05-04 00:00:00',1,3,NULL,NULL),(75,19,NULL,NULL,39,2,1,'','p.o. 口服','ac','sy008','sy001','2019-05-01 03:02:42',1,'2019-05-05 09:51:00',2,205,'2019-05-05 00:00:00',1,1,NULL,NULL),(76,19,NULL,NULL,120,1,1,'45滴/分','I.d 皮内注射','am','sy008','sy001','2019-05-01 03:02:42',1,'2019-05-05 09:51:00',2,206,'2019-05-05 00:00:00',1,1,NULL,NULL),(78,19,1,NULL,NULL,1,1,NULL,NULL,'','sy008','sy001','2019-04-29 00:34:09',1,'2019-05-05 09:51:00',2,199,'2019-05-05 00:00:00',1,2,NULL,NULL),(79,19,11,NULL,NULL,1,1,NULL,NULL,'','sy008','sy001','2019-04-29 01:01:12',1,'2019-05-05 09:51:00',2,202,'2019-05-05 00:00:00',1,2,NULL,NULL),(80,19,4,NULL,NULL,1,1,NULL,NULL,'','sy008','sy001','2019-05-04 13:43:54',1,'2019-05-05 09:51:00',2,213,'2019-05-05 00:00:00',1,2,NULL,NULL),(81,19,NULL,1,NULL,1,1,NULL,NULL,'','sy008','sy001','2019-05-02 11:11:22',1,'2019-05-05 09:51:00',2,209,'2019-05-05 00:00:00',1,3,NULL,NULL),(82,20,NULL,1,NULL,1,1,NULL,NULL,'','sy008','sy009','2019-05-05 09:49:03',1,'2019-05-05 09:50:43',1,216,'2019-05-05 00:00:00',1,3,NULL,NULL),(83,21,NULL,NULL,39,2,1,'','p.o. 口服','ac',NULL,'sy001','2019-05-01 03:02:42',0,NULL,2,205,'2019-05-06 00:00:00',1,1,NULL,NULL),(84,21,NULL,NULL,120,1,1,'45滴/分','I.d 皮内注射','am',NULL,'sy001','2019-05-01 03:02:42',0,NULL,2,206,'2019-05-06 00:00:00',1,1,NULL,NULL),(86,21,1,NULL,NULL,1,1,NULL,NULL,'',NULL,'sy001','2019-04-29 00:34:09',0,NULL,2,199,'2019-05-06 00:00:00',1,2,NULL,NULL),(87,21,11,NULL,NULL,1,1,NULL,NULL,'',NULL,'sy001','2019-04-29 01:01:12',0,NULL,2,202,'2019-05-06 00:00:00',1,2,NULL,NULL),(88,21,4,NULL,NULL,1,1,NULL,NULL,'',NULL,'sy001','2019-05-04 13:43:54',0,NULL,2,213,'2019-05-06 00:00:00',1,2,NULL,NULL),(89,21,NULL,1,NULL,1,1,NULL,NULL,'',NULL,'sy001','2019-05-02 11:11:22',0,NULL,2,209,'2019-05-06 00:00:00',1,3,NULL,NULL),(90,22,NULL,NULL,39,2,1,'','p.o. 口服','ac','sy008','sy001','2019-05-01 03:02:42',1,'2019-05-07 04:09:15',2,205,'2019-05-07 00:00:00',1,1,'2019-05-07 00:43:48','sy009'),(91,22,NULL,NULL,120,1,1,'45滴/分','I.d 皮内注射','am','sy008','sy001','2019-05-01 03:02:42',1,'2019-05-07 04:09:15',2,206,'2019-05-07 00:00:00',1,1,'2019-05-07 00:43:48','sy009'),(93,22,1,NULL,NULL,1,1,NULL,NULL,'','sy008','sy001','2019-04-29 00:34:09',1,'2019-05-07 04:09:15',2,199,'2019-05-07 00:00:00',1,2,'2019-05-07 00:43:48','sy009'),(94,22,11,NULL,NULL,1,1,NULL,NULL,'','sy008','sy001','2019-04-29 01:01:12',1,'2019-05-07 04:09:15',2,202,'2019-05-07 00:00:00',1,2,'2019-05-07 00:43:48','sy009'),(95,22,4,NULL,NULL,1,1,NULL,NULL,'','sy008','sy001','2019-05-04 13:43:54',1,'2019-05-07 04:09:15',2,213,'2019-05-07 00:00:00',1,2,'2019-05-07 00:43:48','sy009'),(96,22,NULL,1,NULL,1,1,NULL,NULL,'','sy008','sy001','2019-05-02 11:11:22',1,'2019-05-07 04:09:15',2,209,'2019-05-07 00:00:00',1,3,'2019-05-07 00:43:48','sy009'),(97,22,NULL,NULL,48,1,2,'','p.o. 口服','pc','sy008','sy009','2019-05-07 03:35:59',1,'2019-05-07 04:11:37',1,217,'2019-05-07 00:00:00',2,1,NULL,NULL),(98,22,15,NULL,NULL,1,1,NULL,NULL,'','sy008','sy009','2019-05-07 03:36:25',1,'2019-05-07 04:11:37',1,219,'2019-05-07 00:00:00',1,2,NULL,NULL),(99,22,NULL,1,NULL,1,1,NULL,NULL,'','sy008','sy009','2019-05-07 03:36:25',1,'2019-05-07 04:11:37',1,218,'2019-05-07 00:00:00',1,3,NULL,NULL),(100,23,NULL,NULL,42,1,1,'','I.m 肌肉注射','sos','sy008','sy009','2019-05-08 13:29:39',1,'2019-05-08 13:35:12',2,220,'2019-05-08 00:00:00',1,1,NULL,NULL),(101,23,NULL,NULL,59,1,1,'','','pc','sy008','sy009','2019-05-08 13:29:39',1,'2019-05-08 13:35:12',2,221,'2019-05-08 00:00:00',1,1,NULL,NULL),(102,23,NULL,NULL,414,1,1,'','p.o. 口服','Qid','sy008','sy009','2019-05-08 13:29:39',1,'2019-05-08 13:35:12',2,222,'2019-05-08 00:00:00',4,1,NULL,NULL),(103,23,NULL,NULL,59,1,1,'','p.o. 口服','tid','sy008','sy009','2019-05-08 13:29:39',1,'2019-05-08 13:35:12',2,223,'2019-05-08 00:00:00',3,1,NULL,NULL),(104,23,NULL,NULL,406,1,1,'','','','sy008','sy009','2019-05-08 13:29:39',1,'2019-05-08 13:35:12',2,224,'2019-05-08 00:00:00',1,1,NULL,NULL),(105,23,NULL,NULL,411,1,1,'','','Bid','sy008','sy009','2019-05-08 13:29:39',1,'2019-05-08 13:35:12',2,225,'2019-05-08 00:00:00',2,1,NULL,NULL),(106,24,NULL,NULL,42,1,1,'','I.m 肌肉注射','sos',NULL,'sy009','2019-05-08 13:29:39',0,NULL,2,220,'2019-05-29 00:00:00',1,1,NULL,NULL),(107,24,NULL,NULL,59,1,1,'','','pc',NULL,'sy009','2019-05-08 13:29:39',0,NULL,2,221,'2019-05-29 00:00:00',1,1,NULL,NULL),(108,24,NULL,NULL,414,1,1,'','p.o. 口服','Qid',NULL,'sy009','2019-05-08 13:29:39',0,NULL,2,222,'2019-05-29 00:00:00',4,1,NULL,NULL),(109,24,NULL,NULL,59,1,1,'','p.o. 口服','tid',NULL,'sy009','2019-05-08 13:29:39',0,NULL,2,223,'2019-05-29 00:00:00',3,1,NULL,NULL),(110,24,NULL,NULL,406,1,1,'','','',NULL,'sy009','2019-05-08 13:29:39',0,NULL,2,224,'2019-05-29 00:00:00',1,1,NULL,NULL),(111,24,NULL,NULL,411,1,1,'','','Bid',NULL,'sy009','2019-05-08 13:29:39',0,NULL,2,225,'2019-05-29 00:00:00',2,1,NULL,NULL),(113,25,NULL,NULL,107,1,1,'','p.o. 口服','Qid','sy008','sy009','2019-05-29 08:11:35',1,'2019-05-29 08:15:38',1,226,'2019-05-29 00:00:00',4,1,NULL,NULL),(114,25,NULL,1,NULL,1,1,NULL,NULL,'','sy008','sy009','2019-05-29 08:11:35',1,'2019-05-29 08:15:38',1,227,'2019-05-29 00:00:00',1,3,NULL,NULL);
/*!40000 ALTER TABLE `medical_orders_list_action` ENABLE KEYS */;
UNLOCK TABLES;

--
-- Dumping data for table `medicines`
--

LOCK TABLES `medicines` WRITE;
/*!40000 ALTER TABLE `medicines` DISABLE KEYS */;
INSERT INTO `medicines` VALUES (1,'YTMX','依替米星','注射剂','100mg:100ml（软袋）',50,'袋',59.30,'1',1,1),(2,'QAND','曲安奈德','注射剂','80mg:2ml',50,'支',20.90,'1',11,1),(3,'ASXTPL','艾司西酞普兰','片剂','20mg*7片',47,'片',17.43,'7',15,1),(4,'YTMX','依替米星','注射剂','150mg:100ml（软袋）',50,'袋',77.60,'1',1,1),(5,'YTMX','依替米星','注射剂','300mg:100ml（软袋）',48,'袋',126.00,'1',1,1),(6,'FYKL','肤痒颗粒','颗粒剂','9g*10袋',59,'袋',5.93,'10',12,1),(7,'ASXTPL','艾司西酞普兰','片剂','20mg*7片',64,'粒',20.90,'7',15,1),(8,'JSKYJN','金嗓开音胶囊','胶囊剂','0.4g*18',50,'粒',2.83,'18',7,1),(9,'FFBZJN','复方斑蝥胶囊','胶囊剂','0.25g*90',50,'粒',1.05,'90',4,1),(10,'ZYLXT','左乙拉西坦','片剂','1.0g*30',50,'片',15.00,'30',15,1),(11,'BXXTRP','百癣夏塔热片','片剂','0.31g*96',50,'片',1.14,'96',17,1),(12,'BSYNJN','补肾益脑胶囊','胶囊剂','0.35g*30',50,'粒',0.64,'30',5,1),(13,'JSKYJN','金嗓开音胶囊','胶囊剂','0.4g*24',50,'粒',2.58,'24',7,1),(14,'XBDP','硝苯地平','控释片','60mg*7',50,'片',8.70,'7',6,1),(15,'CZGKJN','参芪肝康胶囊','胶囊剂','0.4g*60',50,'粒',0.93,'60',16,1),(16,'YSNJN','愈伤宁胶囊','胶囊剂','0.3g*100',50,'粒',0.74,'100',12,1),(17,'NXTJN','脑心通胶囊','胶囊剂','0.4g*72',50,'粒',0.89,'72',2,1),(18,'ADFWZ','阿德福韦酯','片剂','10mg*24',50,'片',10.58,'24',3,1),(19,'ZTLZ','泮托拉唑','肠溶片','40mg*20',49,'片',5.40,'20',3,1),(22,'ADFWZ','阿德福韦酯','片剂','10mg*20',50,'片',10.65,'20',3,1),(23,'ZTLZ','泮托拉唑','肠溶片','20mg*20',50,'片',3.16,'20',3,1),(24,'KDST','坎地沙坦','片剂','8mg*18',50,'片',3.49,'18',6,1),(26,'FZCWKKL','枫蓼肠胃康颗粒','颗粒剂','8g*15袋',50,'袋',2.95,'15',3,1),(27,'TZKL','头孢克洛','颗粒剂','125mg',50,'袋',0.07,'24',7,1),(28,'TZKL','头孢克洛','颗粒剂','125mg*24袋',50,'袋',1.70,'24',1,1),(29,'YZBZAS','乙酰半胱氨酸','片剂','200mg*20片',50,'片',1.97,'20',1,1),(30,'RSFTT','瑞舒伐他汀','胶囊','5mg*20粒',50,'粒',4.13,'20',1,1),(31,'RSFTT','瑞舒伐他汀','胶囊','10mg*20粒',50,'粒',7.00,'20',1,1),(32,'RSFTT','瑞舒伐他汀','胶囊','10mg*14粒',49,'粒',7.11,'14',1,1),(33,'RSFTT','瑞舒伐他汀','胶囊','5mg*7粒',50,'粒',4.29,'7',1,1),(34,'RSFTT','瑞舒伐他汀','胶囊','5mg*10粒',50,'粒',4.23,'10',1,1),(35,'RSFTT','瑞舒伐他汀','胶囊','10mg*10粒',50,'粒',7.19,'10',1,1),(36,'FZCWKP','枫蓼肠胃康片','片剂','0.24g*48片（薄膜衣片）',50,'片',0.53,'48',1,1),(37,'ZYFSX','左氧氟沙星','注射剂','250mg：5ml',50,'支',25.10,'1',1,1),(38,'QGJN','全龟胶囊','胶囊剂','0.5g*12*2',50,'粒',2.96,'12',1,1),(39,'RBPT','瑞巴派特','片剂','100mg*48',47,'片',1.58,'48',1,1),(40,'AMXLKLWSJ','阿莫西林克拉维酸钾','干混悬剂','0.2285g(阿莫西林0.2g克拉维酸0.0285g)*24',50,'片',3.09,'24',1,1),(41,'YQJDRJN','银翘解毒软胶囊','软胶囊','0.45g*48',50,'瓶',1.15,'48',1,1),(42,'ZYFSX','左氧氟沙星','注射剂','750mg：10ml',49,'支',58.20,'1',1,1),(43,'AMXL','阿莫西林','干混悬剂','0.25g*20',50,'盒',0.86,'20',1,1),(44,'QHLY','清喉利咽','颗粒剂','5g*12',50,'盒',4.00,'12',1,1),(45,'RBPT','瑞巴派特','片剂','100mg*36',50,'盒',1.59,'36',2,1),(46,'ZYFSX','左氧氟沙星','注射剂','500mg：5ml',50,'支',42.70,'1',2,1),(47,'TZZAZ','头孢羟氨苄','胶囊剂','500mg*30',50,'盒',1.33,'30',2,1),(48,'JZAJN','甲钴胺胶囊','胶囊剂','0.5mg×50粒',48,'粒',0.80,'50',2,1),(49,'HDZYJN','黄豆苷元胶囊','胶囊剂','25mg×96粒',50,'粒',0.63,'96',2,1),(50,'ZTLZNCRP','泮托拉唑钠肠溶片','肠溶片剂','40mg×14片',50,'片',4.37,'14',3,1),(51,'GLZZKSP','格列吡嗪控释片','控释片剂','5mg×28片',50,'片',1.89,'28',2,1),(52,'LSZSN','利塞膦酸钠','片剂','35mg*4片',50,'片',24.70,'4',2,1),(53,'DZX','地佐辛','注射剂','5mg：1ml',50,'支',120.00,'1',2,1),(54,'RBPT','瑞巴派特','片剂','100mg*36片',50,'片',1.62,'36',2,1),(55,'ASXTPL','艾司西酞普兰','片剂','20mg*7片',50,'片',4.10,'7',2,1),(56,'DND','地奈德','乳膏剂','10mg:20g',50,'支（管）',36.80,'1',2,1),(57,'YMSF','右美沙芬','颗粒剂','15mg*24包',50,'包',0.54,'24',2,1),(58,'LBLZ','雷贝拉唑','肠溶片','20mg*7片',50,'片',3.80,'7',2,1),(59,'YMSF','右美沙芬','颗粒剂','15mg*18包',49,'包',0.54,'18',2,1),(60,'YMSF','右美沙芬','颗粒剂','15mg',50,'包',0.03,'18',3,1),(61,'YMSF','右美沙芬','颗粒剂','15mg*6包',50,'包',0.53,'6',3,1),(62,'ZSYLSAMKX','注射用硫酸阿米卡星','粉针剂（冻干）','200mg',50,'瓶',1.40,'1',3,1),(63,'ZSYALXLN','注射用阿洛西林钠','粉针剂','1.0g',50,'瓶',8.40,'1',3,1),(64,'ZSYALXLN','注射用阿洛西林钠','粉针剂（冻干）','1.0g',49,'支',7.90,'1',3,1),(65,'ZSYALXLN','注射用阿洛西林钠','粉针剂（冻干）','1.0g',50,'瓶',12.40,'1',3,1),(66,'ZSYALXLN','注射用阿洛西林钠','粉针剂','2.0g',50,'瓶',16.60,'1',3,1),(67,'AMXLKLWSJFSP（7：1）','阿莫西林克拉维酸钾分散片（7：1）','分散片剂','228.5mg（7：1）×12片',50,'片',2.38,'12',3,1),(68,'ZSYALXLN','注射用阿洛西林钠','粉针剂（冻干）','1.5g',50,'瓶',17.60,'1',3,1),(69,'ZSYALXLN','注射用阿洛西林钠','粉针剂（冻干）','2.0g',50,'瓶',23.80,'1',3,1),(70,'AMXLKL','阿莫西林颗粒','颗粒剂','125mg×24袋',50,'袋',0.68,'24',3,1),(71,'AMXLJN','阿莫西林胶囊','胶囊剂','250mg×24粒',50,'粒',0.54,'24',3,1),(72,'ADFWZP','阿德福韦酯片','片剂','10mg×14片',50,'片',8.36,'14',3,1),(73,'ZSYALXLN','注射用阿洛西林钠','粉针剂（冻干）','1.0g',50,'瓶',14.60,'1',3,1),(74,'ZSYYSDRBX','注射用盐酸多柔比星','粉针剂（冻干）','10mg',63,'瓶',34.40,'1',3,1),(75,'ADFWZP','阿德福韦酯片','片剂','10mg×28片',50,'片',8.86,'28',3,1),(76,'ADFWZP','阿德福韦酯片','片剂','10mg×28片',50,'片',10.50,'28',3,1),(77,'ZSYALXLN','注射用阿洛西林钠','粉针剂（冻干）','0.5g',50,'瓶',9.70,'1',4,1),(78,'AMXLKL','阿莫西林颗粒','颗粒剂','125mg×18袋',50,'袋',0.39,'18',4,1),(79,'AMXLKL','阿莫西林颗粒','颗粒剂','125mg×12包',50,'包',0.70,'12',4,1),(80,'AMXLKLWSJFSP（4：1）','阿莫西林克拉维酸钾分散片（4：1）','分散片剂','156.25mg（4：1）×6片',50,'片',1.82,'6',4,1),(81,'AMXLGHXJ','阿莫西林干混悬剂','干混悬剂','125mg×20袋',50,'袋',0.72,'20',4,1),(82,'ADFWZP','阿德福韦酯片','片剂','10mg×7片',50,'片',10.93,'7',4,1),(83,'ADFWZP','阿德福韦酯片','片剂','10mg×28片',50,'片',8.18,'28',3,1),(84,'ADFWZP','阿德福韦酯片','片剂','10mg×7片',50,'片',11.06,'7',3,1),(85,'ZSYALXLN','注射用阿洛西林钠','粉针剂','1.0g',50,'瓶',9.20,'1',5,1),(86,'ZSYALXLN','注射用阿洛西林钠','粉针剂（冻干）','1.0g',50,'瓶',10.50,'1',5,1),(87,'ZSYYSDRBX','注射用盐酸多柔比星','粉针剂（冻干）','10mg',50,'支',28.80,'1',5,1),(88,'AMXLJN','阿莫西林胶囊','胶囊剂','500mg×32粒',50,'粒',0.90,'32',5,1),(89,'ZSYALXLN','注射用阿洛西林钠','粉针剂','3.0g',50,'瓶',25.30,'1',5,1),(90,'ZSYALXLN','注射用阿洛西林钠','粉针剂（冻干）','2.0g',50,'瓶',21.90,'1',5,1),(91,'ZSYALXLN','注射用阿洛西林钠','粉针剂','3.0g',50,'瓶',23.40,'1',5,1),(92,'AMXLKL','阿莫西林颗粒','颗粒剂','125mg×12袋',50,'袋',0.20,'12',5,1),(93,'ZSYALXLN','注射用阿洛西林钠','粉针剂','2.0g',50,'瓶',17.20,'1',5,1),(94,'ZSYALXLN','注射用阿洛西林钠','粉针剂（冻干）','2.0g',50,'瓶',19.00,'1',5,1),(95,'ZSYALXLN','注射用阿洛西林钠','粉针剂（溶媒结晶）','1.0g',50,'瓶',9.50,'1',5,1),(96,'ZSYALXLN','注射用阿洛西林钠','粉针剂','2.0g',50,'瓶',21.90,'1',5,1),(97,'AMXLKL','阿莫西林颗粒','颗粒剂','125mg×12袋',50,'袋',0.28,'12',5,1),(98,'ZSYALXLN','注射用阿洛西林钠','粉针剂','1.0g',50,'瓶',9.30,'1',5,1),(99,'AMXLKL','阿莫西林颗粒','颗粒剂','125mg×12袋',50,'袋',0.27,'12',5,1),(100,'AMXLKL','阿莫西林颗粒','颗粒剂','125mg×12袋',50,'袋',0.13,'12',5,1),(101,'AMXLJN','阿莫西林胶囊','胶囊剂','250mg×24粒',50,'粒',0.53,'24',6,1),(102,'AMXLKL','阿莫西林颗粒','颗粒剂','125mg×12包',50,'包',0.35,'12',6,1),(103,'AMXLJN','阿莫西林胶囊','胶囊剂','500mg×16粒',50,'粒',0.93,'16',6,1),(104,'AMXLJN','阿莫西林胶囊','胶囊剂','500mg×20粒',47,'粒',0.92,'20',6,1),(105,'AMXLJN','阿莫西林胶囊','胶囊剂','250mg×30粒',50,'粒',0.54,'30',6,1),(106,'AMXLKLWSJFSP （7：1）','阿莫西林克拉维酸钾分散片 （7：1）','分散片剂','457mg（7：1）×14片',49,'片',2.74,'14',6,1),(107,'AMXLKLWSJFSP（4：1）','阿莫西林克拉维酸钾分散片（4：1）','分散片剂','156.25mg（4：1）×12片',50,'片',1.77,'12',6,1),(108,'ZSYALXLN','注射用阿洛西林钠','粉针剂','1.5g',50,'瓶',14.00,'1',6,1),(109,'ZSYALXLN','注射用阿洛西林钠','粉针剂','1.0g',50,'瓶',10.50,'1',6,1),(110,'ADFWZP','阿德福韦酯片','片剂','10mg×14片',50,'片',5.75,'14',3,1),(111,'ADFWZP','阿德福韦酯片','片剂','10mg×14片',50,'片',8.50,'14',3,1),(112,'ADFWZP','阿德福韦酯片','片剂','10mg×20片',50,'片',10.05,'20',3,1),(113,'ADFWZP','阿德福韦酯片','片剂','10mg×14片',50,'片',10.79,'14',3,1),(114,'ZSYALXLN','注射用阿洛西林钠','粉针剂','2.0g',50,'瓶',15.40,'1',6,1),(115,'ZSYALXLN','注射用阿洛西林钠','粉针剂','1.0g',50,'瓶',9.00,'1',6,1),(116,'ADFWZP','阿德福韦酯片','片剂','10mg×10片',50,'片',9.20,'10',3,1),(117,'ZSYALXLN','注射用阿洛西林钠','粉针剂','3.0g',50,'瓶',22.90,'1',7,1),(118,'AMXLKLWSJ（7：1）P','阿莫西林克拉维酸钾（7：1）片','片剂（薄膜衣片）','1000mg（7：1）×6片',50,'片',4.60,'6',7,1),(119,'ZSYALXLN','注射用阿洛西林钠','粉针剂','2.0g ',50,'支',17.70,'1',7,1),(120,'ZSYALXLN','注射用阿洛西林钠','粉针剂','1.5g',47,'支',15.20,'1',7,1),(121,'ZSYALXLN','注射用阿洛西林钠','粉针剂（冻干）','2.0g',50,'瓶',18.50,'1',7,1),(122,'ADFWZP','阿德福韦酯片','片剂','10mg×14片',50,'片',9.07,'14',7,1),(123,'ZSYALXLN','注射用阿洛西林钠','粉针剂（冻干）','2.0g',50,'瓶',21.90,'1',7,1),(124,'ZSYALXLN','注射用阿洛西林钠','粉针剂','2.0g',50,'瓶',16.00,'1',7,1),(125,'ADFWZP','阿德福韦酯片','片剂','10mg×14片',50,'片',10.21,'14',3,1),(126,'AMXLKL','阿莫西林颗粒','颗粒剂','125mg×18包',50,'包',0.64,'18',7,1),(127,'AMXLKL','阿莫西林颗粒','颗粒剂','125mg×12袋',50,'袋',0.12,'12',7,1),(128,'ADFWZP','阿德福韦酯片','片剂','10mg×14片',50,'片',10.79,'14',3,1),(129,'ZSYALXLN','注射用阿洛西林钠','粉针剂','1.0g',50,'支',12.10,'1',8,1),(130,'JQMZ(TBZ)P','甲巯咪唑(他巴唑)片','片剂','5mg*100',500,'片',0.02,'100',8,1),(131,'LMSYS','氯霉素眼水','滴剂','10mg*8ml',50,'支',1.13,'1',8,1),(132,'LKMSZ','四川®林可霉素针','注射液','60万U*2ml',50,'支',0.22,'10',8,1),(133,'QLSQ(SQKNS)P','氢氯噻嗪(双氢克尿噻)片','片剂','25mg*100',500,'片',0.03,'100',8,1),(134,'WD2GTSG（JXG)Z','维D2果糖酸钙（胶性钙)针','注射液','2ml*10',50,'支',2.30,'10',8,1),(135,'JGLJN','健肝灵胶囊','胶囊','0.5g*60',50,'片',0.65,'60',8,1),(136,'FFCBJP','复方川贝精片','片剂','100片/瓶',500,'片',0.36,'100',8,1),(137,'JXZP','甲硝唑片','片剂','200mg*100',500,'片',0.04,'100',8,1),(138,'CXLP','穿心连片','片剂','100片/瓶',500,'片',0.11,'100',8,1),(139,'WSSEJW','维生素E胶丸','丸剂','50mg*60',500,'片',0.55,'60',8,1),(140,'XMTD（JQMG)P','西咪替丁（甲氰咪胍)片','片剂','0.2g*100',50,'片',0.04,'100',8,1),(141,'HTLJN','咳特灵胶囊','胶囊','30片/瓶',50,'粒',0.13,'30',8,1),(142,'WSSB6P','维生素B6片','片剂','10mg*1000',5000,'片',0.00,'1000',8,1),(143,'DSMSZ','地塞米松针','注射液','2mg*1ml',50,'支',0.24,'10',8,1),(144,'FFYXCP','复方鱼腥草片','片剂','100片/瓶',50,'片',0.06,'100',8,1),(145,'CWLP','参维灵片','片剂','18片/瓶',150,'片',0.15,'18',8,1),(146,'JGP','肌苷片','片剂','0.2g*100',500,'片',0.09,'100',8,1),(147,'AMLZCRJN','奥美拉唑肠溶胶囊','胶囊','20mg*14',50,'片',1.55,'14',8,1),(148,'JNQK(WSSK4)P','甲萘氢醌(维生素K4)片','片剂','4mg*100',500,'片',0.04,'100',8,1),(149,'SLFSN(SLMT)P','双氯芬酸钠(双氯灭痛)片','片剂','25mg*100',50,'片',0.02,'100',8,1),(150,'WSSA+DJW','维生素A+D胶丸','丸剂','100片/瓶',50,'片',0.01,'100',8,1),(151,'DHTSQN(DHS)P','大黄碳酸氢钠(大黄什)片','片剂','1000片/瓶',50,'片',0.03,'1000',8,1),(152,'JGZ','肌苷针','注射液','0.1g*2ml',50,'支',0.37,'10',8,1),(153,'BYKP','鼻炎康片','片剂','50片/瓶',50,'片',0.09,'50',8,1),(154,'SXW(XLW)','舒心丸(心力丸)','丸剂','0.4g*30',50,'粒',0.62,'30',9,1),(155,'SLSXGEN(ATP)P','三磷酸腺苷二钠(ATP)片','片剂','20mg*100',50,'片',0.06,'100',9,1),(156,'WNAJN','胃乃安胶囊','胶囊','0.3g*36',50,'片',0.25,'36',9,1),(157,'FSM(SN)Z','呋塞米(速尿)针','注射液','20mg*2ml',50,'支',0.45,'10',9,1),(158,'LBWL(XBL)KL','利巴韦林(新博林)颗粒','颗粒','50mg*18',50,'包',2.00,'18',9,1),(159,'WSSB2P','维生素B2片','片剂','5mg*100',50,'片',0.02,'100',9,1),(160,'XYLDP','消炎利胆片','片剂','100片/瓶',50,'片',0.05,'100',9,1),(161,'GXP','骨仙片','片剂','0.28g*72',50,'片',0.10,'72',9,1),(162,'AMXLFSP','阿莫西林分散片','片剂','0.25g*12',50,'片',27.75,'12',9,1),(163,'WSSCP','维生素C片','片剂','100mg*1000',50,'片',0.03,'1000',9,1),(164,'LNYMA+C（MF）','流脑疫苗A+C（免费）','注射液','0.5ml',50,'支',10.00,'1',9,1),(165,'CWJP','刺五加片','片剂','100片/瓶',50,'片',0.04,'100',9,1),(166,'MLGP','吗啉胍片','片剂','0.1g*1000',50,'片',0.01,'1000',9,1),(167,'AQMSFSP','阿奇霉素分散片','片剂','0.25g*6',50,'片',0.73,'6',9,1),(168,'LMSP','氯霉素片','片剂','0.25g*100',50,'片',0.10,'100',9,1),(169,'FNTD(FNTY)P','呋喃坦啶(呋喃妥因)片','片剂','50mg*100',50,'片',0.04,'100',9,1),(170,'FKZP','氟康唑片','片剂','50mg*3',50,'片',1.95,'3',9,1),(171,'ZMJS(MKD)P','制霉菌素(米可定)片','片剂','10万U',50,'片',1.25,'1',9,1),(172,'HHMSP.','灰黄霉素片.','片剂','0.1g*100',50,'片',0.09,'100',9,1),(173,'YSXBJ(HLS)P','盐酸小檗碱(黄连素)片','片剂','0.1g*100',50,'片',0.08,'100',9,1),(174,'JXZS','甲硝唑栓','栓剂','0.5g*10片/盒',50,'盒',4.40,'1',9,1),(175,'XSMKZ(DKN)S','硝酸咪康唑(达克宁)栓','栓剂','200mg*7片/盒',50,'盒',17.50,'1',9,1),(176,'DMK(GLQT2)P','达美康(格列齐特2)片','片剂','80mg*60',50,'片',1.15,'60',9,1),(177,'MLBLFHXY','美林布洛芬混悬液','糖浆剂','30ml',50,'瓶',10.60,'1',9,1),(178,'DYXAJF(BFN)P','对乙酰氨基酚(百服宁)片','片剂','160mg*15',50,'片',0.60,'15',10,1),(179,'DYXAJFY（BFN）','对乙酰氨基酚液（百服宁）','口服液','3.2%*60ml',50,'瓶',9.50,'1',10,1),(180,'YDMX（XYT）P','吲哚美辛（消炎痛）片','片剂','25mg*100',50,'片',0.02,'100',10,1),(181,'KMXPP','卡马西平片','片剂','0.1g*100',50,'片',0.06,'100',10,1),(182,'BTYN(DLD)P','苯妥英钠(大仑丁)片','片剂','0.1g*100',50,'片',0.02,'100',10,1),(183,'GWLS(JML)JN','甘维乐舒(降酶灵)胶囊','胶囊','0.15g*24',50,'片',0.75,'24',10,1),(184,'PQNZ(GTL)P','葡醛内酯(肝太乐)片','片剂','0.1g*100',50,'片',0.09,'100',10,1),(185,'XKSL','小开塞露','滴剂','5ml',50,'支',0.50,'1',10,1),(186,'PTWL(HBQ)P','喷托维林(咳必清)片','片剂','25mg*100',50,'片',0.04,'100',10,1),(187,'YSXJX(BSP)P','盐酸溴己新(必嗽平)片','片剂','8mg*100',50,'片',0.02,'100',10,1),(188,'ACJP','氨茶碱片','片剂','0.1g*100',50,'片',0.01,'100',10,1),(189,'CJHS(SFM)P','茶碱缓释(舒弗美)片','片剂','0.1g*24',50,'片',0.23,'24',10,1),(190,'SSXSZ(ALX)P','肾上腺色腙(安络血)片','片剂','5mg*100',50,'片',0.02,'100',10,1),(191,'YSP','叶酸片','片剂','5mg*100',50,'片',0.02,'100',10,1),(192,'FSM(SN)P','呋塞米(速尿)片','片剂','20mg*100',50,'片',0.05,'100',10,1),(193,'LNZ(ATST)P','螺内酯(安体舒通)片','片剂','20mg',50,'片',0.20,'100',10,1),(194,'CSPNS(QDS)P','醋酸泼尼松(强的松)片','片剂','5mg*100',50,'片',0.05,'100',11,1),(195,'DSMSP','地塞米松片','片剂','0.75mg*100',50,'片',0.02,'100',11,1),(196,'JGTJN','金刚藤胶囊','胶囊','0.5g*24',50,'片',0.63,'24',11,1),(197,'GWSP','谷维素片','片剂','10mg*100',50,'片',0.04,'100',11,1),(198,'SMDM(PSD)P','双嘧达莫(潘生丁)片','片剂','25mg*100',50,'片',0.03,'100',11,1),(199,'BLXT(NFK)P','吡拉西坦(脑复康)片','片剂','400mg*100',50,'片',0.05,'100',11,1),(200,'CXQP','川芎嗪片','片剂','50mg*100',50,'片',0.05,'100',11,1),(201,'QLTP','前列通片','片剂','0.34g*108',50,'片',0.10,'108',11,1),(202,'JGQLP','接骨七厘片','片剂','0.3g*60',50,'片',0.63,'60',11,1),(203,'TPP','胎盘片','片剂','0.2g*100',50,'片',0.02,'100',11,1),(204,'FFLDP(LDC)','复方芦丁片(芦丁C)','片剂','100片/瓶',50,'片',0.02,'100',11,1),(205,'HTLP','喉痛灵片','片剂','50片/瓶',50,'片',0.09,'50',11,1),(206,'HBSXYS','环丙沙星眼水','滴剂','5ml',50,'支',2.00,'1',11,1),(207,'HMSYG','红霉素眼膏','软膏','2.5g',50,'支',0.06,'0',11,1),(208,'XMSDYY','新霉素滴眼液','滴剂','6ml',50,'支',1.75,'1',11,1),(209,'SHSYG','四环素眼膏','软膏','2.5g',50,'支',1.30,'1',11,1),(210,'MPLXRG(BDB)','莫匹罗星软膏(百多邦)','软膏','5g',50,'支',12.14,'1',11,1),(211,'CSDSMSRG(PYP)','醋酸地塞米松软膏(皮炎平)','软膏','20g/支',50,'支',8.50,'1',11,1),(212,'TSQNF','碳酸氢钠粉','粉剂','500g',50,'支',0.01,'500',11,1),(213,'DXP(AD)Z','地西泮(安定)针','注射液','10mg*2ml',50,'支',0.49,'10',11,1),(214,'ACJZ','氨茶碱针','注射液','0.25g*2ml',50,'支',0.71,'10',11,1),(215,'PNSL(QDS)Z','泼尼松龙(强的松)针','注射液','0.125g*5ml',50,'瓶',1.90,'1',11,1),(216,'RCXSZ','绒促性素针','注射液','1000U',50,'支',4.78,'10',11,1),(217,'QNJNK(WSSK3)Z','氢钠甲萘醌(维生素K3)针','注射液','4mg*1ml',50,'支',0.31,'10',12,1),(218,'MLSLBNM(PEM)Z','马来酸氯苯那敏(扑尔敏)针','注射液','10mg*1ml',50,'支',0.09,'10',12,1),(219,'ZSYSZ','注射用水针','注射液','2ml',50,'支',0.15,'10',12,1),(220,'AXLWRG','阿昔洛韦软膏','软膏','10g',50,'支',2.44,'1',12,1),(221,'DXP(AD)P','地西泮(安定)片','片剂','2.5mg*100',50,'片',0.07,'100',12,1),(222,'TDADYY','酞丁安滴眼液','滴剂','8mg*8ml',50,'支',13.00,'1',12,1),(223,'AXLWDYY','阿昔洛韦滴眼液','滴剂','8mg*8ml',50,'支',3.40,'1',12,1),(224,'JJFHQYD(ABL)S','聚甲酚磺醛阴道(爱宝疗)栓','栓剂','90mg*6片/盒',50,'盒',25.30,'1',12,1),(225,'MDBMZ','糜蛋白酶针','粉剂','4000U',50,'支',4.30,'2',12,1),(226,'YSLBLZ','盐酸洛贝林针','注射液','3mg*1ml',50,'支',1.75,'10',12,1),(227,'CXQZ','川芎嗪针','注射液','40mg*2ml',50,'支',0.28,'10',12,1),(228,'RMS(BFW)P','乳酶生(表飞呜)片','片剂','0.15g*1000',50,'片',0.01,'1000',12,1),(229,'TSQN(XSD)P','碳酸氢钠(小苏打)片','片剂','0.3g*1000',50,'片',0.01,'1000',12,1),(230,'HTTP','黄体酮片','片剂','2mg*100',150,'片',0.03,'100',12,1),(231,'GMSJF','高锰酸钾粉','粉剂','500g',50,'g',0.04,'500',12,1),(232,'PSF','硼酸粉','粉剂','500g',50,'g',0.03,'500',12,1),(233,'YSSSXSZ','盐酸肾上腺素针','注射液','1mg*1ml',50,'支',1.83,'10',12,1),(234,'XMSDEY','新霉素滴耳液','滴剂','5ml',50,'支',1.30,'1',12,1),(238,'BTSTLHN(XQD)Z','倍他司汀氯化钠(西其丁)针','注射液','250ml',50,'瓶',3.08,'1',12,1),(239,'LSMZ','硫酸镁针','注射液','2.5g*10ml',50,'支',0.96,'5',12,1),(241,'BBKYZ','布比卡因针','注射液','37.5mg*5ml',50,'支',3.30,'5',12,1),(242,'LRJZ','鹿茸精针','注射液','2ml',50,'支',0.63,'6',12,1),(243,'ATPP','阿托品片','片剂','0.3mg',50,'片',0.01,'100',12,1),(244,'JWTD(DF)RY','聚维酮碘(碘伏)溶液','溶液剂','1%*500ml',50,'ml',23.00,'1',12,1),(245,'BLFHS(FBD)JN','布洛芬缓释(芬必得)胶囊','胶囊','0.3g*20',50,'片',0.65,'20',12,1),(246,'WWTKFY(BSS)','五维他口服液(B什水)','口服液','500ml',50,'10ml',0.06,'1',12,1),(247,'FT(GD)P','酚酞(果导)片','片剂','0.1g*100',50,'片',0.03,'100',12,1),(248,'DKSL','大开塞露','滴剂','20ml',50,'支',0.96,'1',12,1),(249,'XSGYP','硝酸甘油片','片剂','0.5mg*100',50,'片',0.04,'100',12,1),(250,'SRSSG','湿润烧伤膏','软膏','40g',50,'支',21.61,'1',12,1),(251,'HDYHLY','黄道益活络油','油剂','25ml',50,'支',32.00,'1',12,1),(252,'DDY','碘酊液','溶液剂','2%*500ml',50,'ml',0.02,'1',12,1),(253,'QMSNZ','青霉素钠针','粉剂','80万U',50,'支',2.52,'1',12,1),(254,'TBTDZ','头孢他啶针','粉剂','1g',50,'支',12.48,'1',12,1),(255,'KLMSLSZZ','克林霉素磷酸酯针','粉剂','（0.3g/支）',50,'支',6.98,'1',12,1),(256,'QDMSZ','庆大霉素针','注射液','8万U',50,'支',0.64,'10',12,1),(257,'AMKX(DAKN)Z','阿米卡星(丁胺卡那)针','注射液','0.2g*2ml',50,'支',0.87,'10',12,1),(258,'LBWLZ(BDZ)','利巴韦林针(病毒唑)','注射液','0.1g*1ml',150,'支',0.52,'10',12,1),(259,'SXYDSZ','速效胰岛素针','注射液','400U*10ml',50,'10u',0.47,'1',12,1),(260,'YSPTD(DLD)Z','盐酸哌替啶(杜冷丁)针','注射液','0.1g*2ml',50,'支',2.40,'10',12,1),(261,'QMDZ','曲马多针','注射液','100mg*2ml',50,'支',2.80,'5',13,1),(262,'GCSFTNZ','枸椽酸芬太尼针','注射液','0.1mg*1ml',50,'支',4.62,'10',13,1),(263,'DBNFZ','丁丙诺啡针','注射液','0.15mg*1ml',50,'支',6.58,'10',13,1),(264,'FFALBBT(ATD)Z','复方氨林巴比妥(安痛定)针','注射液','2ml',50,'支',0.15,'10',13,1),(265,'CHZ','柴胡针','注射液','2ml',50,'支',0.34,'10',13,1),(266,'FSNZ','风湿宁针','注射液','2ml',50,'支',0.80,'10',13,1),(267,'YMGZ','野木瓜针','注射液','2ml',50,'支',1.10,'10',13,1),(268,'QAND(KA)Z','曲安奈德(康A)针','注射液','40mg*1ml',50,'支',7.70,'1',13,1),(269,'BBBT(LMN)Z','苯巴比妥(鲁米那)针','注射液','0.1g*1ml',50,'支',0.68,'10',13,1),(270,'DSMSZ','地塞米松针','注射液','5mg*1ml',50,'支',0.50,'10',13,1),(271,'HTTZ','黄体酮针','注射液','20mg*1ml',50,'支',0.42,'10',13,1),(272,'CTHYSZ','垂体后叶素针','注射液','6U*1ml',50,'支',1.42,'10',13,1),(273,'ATPZ','阿托品针','注射液','0.5mg',50,'支',0.13,'10',13,1),(274,'XMTD（JQMG)Z','西咪替丁（甲氰咪呱)针','注射液','0.2g*2ml',50,'ml',0.37,'10',13,1),(275,'SLDJZ(654-2)','山莨菪碱针(654-2)','注射液','10mg*1ml',50,'支',0.77,'10',13,1),(276,'JYLPA(WFA)Z','甲氧氯普胺(胃复安)针','注射液','10mg*1ml',50,'支',0.30,'10',13,1),(277,'DJLDZ','碘解磷定针','注射液','0.5g*20ml',50,'支',2.09,'5',13,1),(278,'GTZ','骨肽针','注射液','2ml*10mg',50,'支',7.08,'1',13,1),(279,'LDKYZ','利多卡因针','注射液','（0.1g*5ml/支）',50,'支',0.45,'5',13,1),(280,'PLKYZ','普鲁卡因针','注射液','40mg*2ml',50,'支',0.37,'10',13,1),(281,'LATZ','氯胺酮针','注射液','100mg*2ml',50,'支',1.22,'10',13,1),(282,'MHJZ','麻黄碱针','注射液','30mg*1ml',50,'支',0.61,'10',13,1),(283,'WSSCZ','维生素C针','注射液','500mg*2ml',50,'kg',0.30,'10',14,1),(284,'WSSB12Z','维生素B12针','注射液','1mg*1ml',50,'支',0.64,'10',14,1),(285,'AJBS(ZXFS)Z','氨甲苯酸(止血芳酸)针','注射液','0.1g*10ml',50,'支',0.87,'5',14,1),(286,'FHYA(ZXM)Z)','酚磺乙胺(止血敏)针)','注射液','0.5g*2ml',50,'支',0.35,'10',14,1),(287,'BHLMZ','苯海拉明针','注射液','20mg*1ml',50,'支',0.45,'10',14,1),(288,'PTTSGZ','葡萄糖酸钙针','注射液','10ml',50,'支',0.80,'5',14,1),(289,'QJSSXSZ','去甲肾上腺素针','注射液','2mg*1ml*2',50,'支',5.22,'2',14,1),(290,'DBAZ','多巴胺针','注射液','20mg*2ml',50,'支',0.57,'10',14,1),(291,'GYGTY','甘油果糖液','注射液','250ml',50,'支',17.60,'1',14,1),(292,'PSFKDSZ','破伤风抗毒素针','注射液','1500u*2ml',50,'支',3.13,'10',14,1),(293,'GSNZ','肝素钠针','注射液','12500u*2ml',50,'支',10.17,'10',14,1),(294,'LHJZ','氯化钾针','注射液','10%*10ml',50,'支',0.85,'5',14,1),(295,'SGSZ','缩宫素针','注射液','10u*1ml',50,'支',1.30,'10',14,1),(296,'RZZY(TP)ZSY','人组织液(胎盘)注射液','注射液','2ml',50,'支',3.80,'10',14,1),(297,'CLZFRY','长链脂肪乳液','注射液','20%*250ml',50,'瓶',74.83,'1',14,1),(301,'TSQNZ','碳酸氢钠针','注射液','5%*250ml',50,'瓶',5.13,'1',14,1),(302,'RSNLGSY(PXY)','乳酸钠林格氏液(平行液)','注射液','500ml',50,'瓶',10.50,'1',14,1),(303,'TXZLHNZ','替硝唑氯化钠针','注射液','0.4g*100ml',50,'瓶',5.09,'1',14,1),(304,'DCZ','丹参针','注射液','16g*250ml',50,'瓶',7.30,'1',14,1),(305,'DFZYXTGZ','低分子右旋糖酐针','注射液','40:500ml',50,'瓶',4.38,'1',14,1),(307,'FFQYHL(WSP)P','复方氢氧化铝(胃舒平)片','片剂','120片/瓶',50,'片',0.03,'120',14,1),(308,'FKAP','腹可安片','片剂','24片/瓶',50,'片',0.05,'24',14,1),(309,'NKSMZ(KLM)','尼可刹米针(可拉明)','注射液','0.375g*1.5ml',50,'支',0.87,'10',14,1),(310,'LSLTD（LTD）Z','硫酸罗通定（颅通定）针','注射液','60mg*2ml',50,'支',0.36,'10',14,1),(311,'WCYQP','维C银翘片','片剂','24片/瓶',50,'片',0.13,'12',14,1),(312,'LBSZDW','联苯双酯滴丸','丸剂','1.5mg*250',50,'片',0.02,'250',14,1),(313,'FFJYNM(ASM)JN)','复方甲氧那明(阿斯美)胶囊)','胶囊','60片/瓶',50,'粒',0.72,'60',15,1),(314,'QDMSTSBJN','庆大霉素碳酸铋胶囊','胶囊','10片/盒',50,'片',1.05,'10',15,1),(315,'FFDCP','复方丹参片','胶囊','60片/瓶',50,'片',1.83,'60',15,1),(316,'YBQ(FNJ)Z','异丙嗪(非那近)针','注射液','50mg*2ML',50,'支',0.57,'10',15,1),(317,'ZJSSJQA(ALM)Z','重酒石酸间羟胺(阿拉明)针','注射液','10mg:1ml',50,'支',4.50,'2',15,1),(318,'YGJYYM10UG','乙肝基因疫苗10UG','注射液','0.5ML/支',50,'支',12.60,'1',15,1),(319,'SHSDYM（MF）','上海水痘疫苗（免费）','注射液','0.5ML/支',50,'支',0.00,'1',15,1),(320,'YXYP','银杏叶片','片剂','24片/瓶',50,'片',0.38,'24',15,1),(321,'FFLBMP','复方罗布麻片','片剂','100片/盒',50,'片',0.05,'100',15,1),(322,'LPDA(YMT)JN','洛哌丁胺(易蒙停)胶囊','胶囊','2mg*6',50,'粒',0.80,'6',15,1),(323,'YSPLPT(XLP)P','盐酸普罗帕酮(心律平)片','片剂','50mg*50',50,'片',0.06,'50',15,1),(324,'LDKYZ','利多卡因针','注射液','（4mg*2ml/支）',50,'支',0.20,'10',15,1),(325,'FFQANDRG','复方曲安奈德乳膏','软膏','5g',50,'支',6.80,'1',15,1),(326,'FFLXPP(JYS)','复方利血平片(降压素)','片剂','100片/瓶',50,'片',0.03,'100',15,1),(327,'XBATL(PLBX)P','溴丙胺太林(普鲁苯辛)片','片剂','15mg*100',50,'片',0.09,'100',15,1),(328,'JYLPA（WFA)P','甲氧氯普胺（胃复安)片','片剂','5mg*100',50,'片',0.01,'100',15,1),(329,'YMGP','野木瓜片','片剂','0.4g*60',50,'片',0.02,'60',15,1),(330,'YSAXSPTTZ','盐酸氨溴索葡萄糖针','注射液','100ml*30mg',50,'支',8.80,'1',15,1),(331,'LGYM（CR.GC）（MF）','流感疫苗（成人.国产）（免费）','注射液','0.5ML/支',50,'支',52.00,'1',15,1),(332,'BPFZ','丙泊酚针','注射液','200mg*20ml',50,'支',29.34,'1',15,1),(333,'YZSL（SLY）','液状石蜡（石蜡油）','油剂','500ml',50,'ml',0.03,'1',15,1),(334,'0.9%NS500ml(BP)','0.9%NS500ml(玻瓶)','注射液','',50,'瓶',3.13,'1',15,1),(335,'GXHY(HGS)','汞溴红液(红汞水)','溶液剂','20%*20ml',50,'瓶',0.60,'1',15,1),(336,'LSLTD（LTD)P','硫酸罗通定（颅通定)片','片剂','30mg',50,'片',0.06,'100',15,1),(337,'FPLDZ','氟哌利多针','注射液','5mg*2ml',50,'支',2.10,'5',16,1),(338,'SHSRG','四环素软膏','软膏','10g',50,'支',2.00,'1',16,1),(339,'HYHMS(LJS)P','琥乙红霉素(利君沙)片','片剂','0.125g*24',50,'片',0.47,'24',16,1),(340,'FSLG','凡士林膏','膏剂','500g',50,'g',0.03,'1',16,1),(341,'FFGCP','复方甘草片','片剂','（100片/瓶）',50,'片',0.05,'100',16,1),(342,'ZSYTW','滋肾育胎丸','丸剂','（60g/瓶）',50,'瓶',29.00,'1',16,1),(343,'DDWHY','跌打万花油','油剂','10ml',50,'支',0.90,'1',16,1),(344,'PFXDJ(AED)','皮肤消毒剂(安尔碘)','酊剂','0.2%*60ml',50,'瓶',4.03,'1',16,1),(345,'SMLHLY','狮马龙活络油','油剂','40ml',50,'支',12.50,'1',16,1),(346,'DGKQYM','冻干狂犬疫苗','注射液','0.5ML/支',50,'支',172.00,'5',16,1),(347,'0.9%NS250ml(BP)','0.9%NS250ml(玻瓶)','注射液','',50,'瓶',2.74,'1',16,1),(348,'ASPLCRP','阿司匹林肠溶片','片剂','50mg*100',50,'片',0.07,'100',16,1),(349,'GCSEAZ','甘草酸二铵针','注射液','50mg*10ml',50,'支',2.20,'1',16,1),(350,'MLPNZ','美罗培南针','粉剂','0.5g',50,'支',119.41,'1',16,1),(351,'DGJGYM','冻干甲肝疫苗','注射液','1.0ML',50,'支',66.00,'1',16,1),(352,'SDYM(CC)','水痘疫苗(长春)','注射液','0.5ml',50,'支',120.00,'1',16,1),(353,'BBPYM（MF）','百白破疫苗（免费）','注射液','2.0ML',50,'支',0.00,'1',16,1),(354,'MSELYM（MF）','麻腮二联疫苗（免费）','注射液','0.5ML/支',50,'支',5.90,'1',16,1),(355,'MZYM','麻疹疫苗','注射液','2人份',50,'支',0.30,'1',16,1),(356,'TBTZNZ','头孢替唑钠针','粉剂','0.25g',50,'支',11.41,'1',16,1),(357,'NFSX(FPS)JN','诺氟沙星(氟哌酸)胶囊','胶囊','0.1g*50',50,'粒',0.13,'50',16,1),(358,'FTP','风痛片','片剂','（24/盒）',50,'片',0.67,'24',16,1),(359,'XSYSLZ(XXT)P','硝酸异山梨酯(消心痛)片','片剂','5mg*100',50,'片',0.02,'100',16,1),(360,'TSQNP(SD)','碳酸氢钠片(苏打)','片剂','0.5g*100',50,'片',0.02,'100',16,1),(361,'WSSB1Z','维生素B1针','注射液','100mg*2ml',50,'支',0.22,'10',16,1),(362,'TW（MF）','糖丸（免费）','注射液','1人份',50,'粒',0.07,'1',16,1),(363,'KJM（MF）','卡介苗（免费）','注射液','5人份',50,'支',0.03,'10',16,1),(364,'WSSB6Z','维生素B6针','注射液','0.1g*2ml',50,'支',0.34,'10',16,1),(365,'KMZRG','克霉唑软膏','软膏','（10g/支）',50,'支',1.74,'1',16,1),(366,'QLPPL','强力枇杷露','糖浆剂','120ml',50,'瓶',4.82,'1',16,1),(367,'YSZRG','鱼石脂软膏','软膏','10g',50,'支',0.65,'1',17,1),(368,'NLTZ','纳洛酮针','注射液','0.4mg*1ml',50,'支',25.00,'5',17,1),(369,'WTJGP','万通筋骨片','片剂','0.28g*24',50,'片',0.56,'24',17,1),(370,'MFSTP','米非司酮片','片剂','25mg*6',50,'片',3.08,'6',17,1),(371,'GJM（SMS）P','干酵母（食母生）片','片剂','0.2g*80',50,'片',0.01,'80',17,1),(372,'GLBN（YJT）P','格列本脲（优降糖）片','片剂','2.5mg*100',50,'片',0.02,'100',17,1),(373,'ZSYXNM(LZX)Z','注射用血凝酶(立止血)针','粉剂','1ku*1ml',50,'支',56.00,'5',17,1),(374,'AQNZ','氨曲南针','粉剂','0.5g',50,'支',20.68,'1',17,1),(375,'JFZRY(LSE)','甲酚皂溶液(来苏尔)','溶液剂','500ml',50,'支',9.90,'1',17,1),(376,'FAGMP(KGM)','酚氨咖敏片(克感敏)','片剂','（100片/瓶）',50,'片',0.03,'100',17,1),(377,'AQMSZ','阿奇霉素针','粉剂','0.25g',50,'支',7.22,'1',17,1),(378,'FNXAP','非那雄胺片','片剂','5mg*10',50,'片',1.75,'10',17,1),(379,'LPKYZ','罗哌卡因针','注射液','89.4mg*10ml',50,'支',16.50,'1',17,1),(380,'EJSGP(MDK)','二甲双胍片(美迪康)','片剂','0.25g*48',50,'片',0.15,'48',17,1),(381,'KLMSP','克拉霉素片','片剂','（0.125g*24）',50,'片',0.56,'24',17,1),(382,'DYXAJF(PRXT)P','对乙酰氨基酚(扑热息痛)片','片剂','0.5g*10',50,'片',0.15,'10',17,1),(383,'JXCF(LCS)Z','己烯雌酚(卵巢素)针','注射液','2mg*1ml',50,'支',0.51,'10',17,1),(384,'SSXSZ(ALX)Z','肾上腺色腙(安络血)针','注射液','5mg*1ml',50,'支',0.27,'10',17,1),(385,'MSQLCP','米索前列醇片','片剂','0.2mg*3',50,'片',2.00,'3',17,1),(386,'DGXP','地高辛片','片剂','0.25mg*100',50,'片',0.07,'100',17,1),(387,'LBQZ','氯丙嗪针','注射液','50mg*2ml',50,'支',0.57,'10',17,1),(388,'JWHRG','京万红软膏','软膏','20g',50,'支',12.50,'1',17,1),(389,'HZLP','化痔灵片','片剂','72片/瓶',50,'片',0.19,'72',17,1),(391,'YFJHJN','孕妇金花胶囊','胶囊','0.34g*24片/盒',50,'粒',1.10,'1',17,1),(392,'TBQSNZ','头孢曲松钠针','粉剂','1g',50,'支',5.94,'1',18,1),(393,'SKJGP','伤科接骨片','片剂','60片/盒',50,'片',0.60,'60',18,1),(394,'JEYXY','洁尔阴洗液','洗液','350ml',50,'瓶',18.00,'1',18,1),(395,'GGSLHNZ','葛根素氯化钠针','注射液','0.4g*250ml',50,'瓶',30.77,'1',18,1),(396,'LHMSJN','罗红霉素胶囊','胶囊','0.15g*6',50,'粒',0.29,'6',18,1),(397,'QYXMHG(XDL)Z','去乙酰毛花苷(西地兰)针','注射液','2ml*0.4mg',50,'支',2.04,'5',18,1),(398,'ZMSP','制霉素片','片剂','50U*100',50,'片',0.25,'100',18,1),(399,'RSZYFSXP','乳酸左氧氟沙星片','片剂','0.2g*12',50,'片',1.35,'12',18,1),(400,'DLDJ(654-1)Z','东莨菪碱(654-1)针','注射液','0.3mg*1ml',50,'支',1.13,'10',18,1),(401,'XNXQDBDQW','小牛血去蛋白提取物','注射液','0.2g*5ml',50,'支',28.14,'1',18,1),(402,'FFHQP','复方黄芩片','片剂','0.33g*36',50,'片',0.12,'36',18,1),(403,'XSGYZ','硝酸甘油针','注射液','5mg*1ml',50,'支',1.50,'10',18,1),(404,'LHJHS(BDX)P','氯化钾缓释(补达秀)片','片剂','0.5g*24',50,'片',0.21,'24',18,1),(405,'ZYFSXLHNZSY','左氧氟沙星氯化钠注射液','注射液','0.2g*100ml',50,'支',7.00,'1',18,1),(406,'ALDPP','氨氯地平片','片剂','5mg*14',49,'片',1.20,'14',18,1),(407,'NMSLJN','尼美舒利胶囊','胶囊','0.1g*20',50,'片',1.03,'20',18,1),(408,'HJLP','喉疾灵片','片剂','0.32g*30',50,'片',0.18,'30',18,1),(409,'JXCF(LCS)P','己烯雌酚(卵巢素)片','片剂','0.5mg*100',50,'片',0.05,'100',18,1),(410,'MLGDYY','吗啉胍滴眼液','滴剂','0.32g*8ml',50,'支',1.90,'1',18,1),(411,'TBPLZ','头孢匹罗针','粉剂','1g',48,'支',30.13,'1',18,1),(412,'TBFXZJN','头孢呋辛酯胶囊','胶囊','0.125g*12',50,'粒',1.47,'12',18,1),(413,'CMZ','参麦针','注射液','50ml',50,'支',48.08,'1',18,1),(414,'PTLZNZ','泮托拉唑钠针','粉剂','（40mg/支）',46,'支',15.95,'1',3,1),(415,'LZSZP','氯唑沙宗片','片剂','0.2g*24',50,'片',0.11,'24',19,1),(416,'RKP','乳康片','片剂','0.35g*24',50,'片',0.58,'24',19,1),(417,'PTTSGXKFY','葡萄糖酸钙锌口服液','口服液','10ml*18支/盒',50,'盒',29.11,'18',19,1),(418,'NTMXZ','奈替米星针','粉剂','0.2g',50,'支',24.50,'1',19,1),(419,'MTLE(PTLK)P','美托洛尔(陪他乐克)片','片剂','25mg*20',50,'片',0.31,'20',19,1),(420,'LNTDJN','雷尼替丁胶囊','胶囊','0.15g*30',50,'片',0.08,'30',19,1),(421,'MSFZYM(GC)','麻腮风疹疫苗(国产)','注射液','0.5ml/支',50,'支',51.50,'1',19,1),(422,'0.9%NS10ml','0.9%NS10ml','注射液','',50,'支',0.39,'5',19,1),(423,'XSTZSY','血栓通注射液','注射液','175mg*5ml',50,'支',7.20,'1',19,1),(424,'FFXSTP','复方血栓通片','片剂','0.4g*36',50,'片',0.72,'36',19,1),(425,'LSSDAC(SCL)P','硫酸沙丁胺醇(舒喘灵)片','片剂','2.4mg*100',50,'片',0.05,'100',19,1),(426,'BLDJZSY','胞磷胆碱注射液','注射液','0.25g*2ml',50,'支',1.83,'10',19,1),(427,'MTSS（SMD）','蒙脱石散（思密达）','散剂','3g*10',50,'包',0.90,'10',19,1),(428,'XFTTP','辛伐他汀片','片剂','20mg*7',50,'片',1.42,'7',19,1),(429,'QYJDFLHN(HS)Z','羟乙基淀粉氯化钠(贺斯)针','注射液','500ml',50,'支',59.98,'1',9,1),(431,'LSMF','硫酸镁粉','粉剂','500g',50,'g',0.01,'500',3,1),(432,'ETJG(SJ)GC','儿童甲肝(水剂)国产','注射液','0.5ml',50,'支',70.00,'1',9,1),(434,'FFKTPLP','复方卡托普利片','片剂','16mg*100',50,'片',0.08,'100',6,1),(435,'HBJN','黄柏胶囊','胶囊','36片/盒',50,'片',0.17,'36',13,1),(436,'HLXGPAZ','环磷腺苷葡胺针','注射液','150mg*10ml',50,'支',33.30,'1',9,1),(437,'RSNLGSY(PXY)','乳酸钠林格氏液(平行液)','注射液','250ml',50,'瓶',5.30,'1',9,1),(438,'FFAJS(18A-II)','复方氨基酸(18A-II)','注射液','5%*250ml',70,'支',23.32,'1',9,1),(439,'YNHYM(MF）','乙脑活疫苗(免费）','注射液','1.5ml',50,'支',0.00,'1',9,1),(440,'SXYM（MF）','腮腺疫苗（免费）','注射液','0.5ml',50,'支',0.00,'1',9,1),(441,'KQYM','狂犬疫苗','注射液','0.5ml/*5支',50,'支',0.00,'5',9,1),(442,'LGYM（CR）（MF）','流感疫苗（成人）（免费）','注射液','0.5ml',50,'支',0.00,'1',9,1),(443,'YGJHYM（MF）','乙肝计划疫苗（免费）','注射液','0.5ml',50,'支',0.00,'1',9,1),(444,'LGLJYM（MF）','流感裂解疫苗（免费）','注射液','0.5ml',50,'支',0.00,'1',9,1),(445,'WXBBBPYM（MF）','无细胞百白破疫苗（免费）','注射液','0.5ml',50,'支',0.00,'1',9,1),(446,'YMCLJG','益母草流浸膏','流浸膏','500ml',50,'ml',0.02,'1',13,1),(447,'DZWSSP','多种维生素片','片剂','100片/瓶',500,'片',0.03,'100',19,1),(448,'FHWSS(BS)P','复合维生素(B什)片','片剂','100片/瓶',500,'片',0.02,'100',19,1),(449,'MLSLBNM(PEM)P','马来酸氯苯那敏(扑尔敏)片','片剂','4mg*100',500,'片',0.05,'100',17,1),(450,'PTTSGP','葡萄糖酸钙片','片剂','0.5g*100',500,'片',0.04,'100',19,1),(451,'YBQ(FNJ)P','异丙嗪(非那近)片','片剂','25mg*100',500,'片',0.05,'100',17,1),(452,'TTFP','酮替芬片','片剂','1mg*60',500,'片',0.09,'60',7,1),(453,'BHLMP','苯海拉明片','片剂','25mg',500,'片',0.40,'100',7,1),(454,'LLTDP','氯雷他定片','片剂','10mg*6',50,'片',1.18,'6',7,1),(455,'PNLE(XDA)P','普萘洛尔(心得安)片','片剂','10mg*100',500,'片',0.02,'100',6,1),(456,'XBDP(XTD)P','硝苯地平(心痛定)片','片剂','10mg',500,'片',0.03,'100',6,1),(457,'XBDPHSP(STP)','硝苯地平缓释片(圣通平)','缓释片','10mg*30',50,'片',0.38,'30',6,1),(458,'NMDPP','尼莫地平片','片剂','20mg*100',500,'片',0.10,'100',6,1),(459,'KTPL(KPD)P','卡托普利(克浦定)片','片剂','25mg*100',500,'片',0.02,'100',6,1),(460,'FGLQJN(XBL)','氟桂利嗪胶囊(西比灵)','胶囊','5mg',50,'粒',0.13,'20',2,1),(461,'GLQ(NYQ)P','桂利嗪(脑益嗪)片','片剂','25mg',500,'片',0.06,'100',2,1),(462,'CSQAND(NS)RG','醋酸曲安奈德(尿素)软膏','软膏','10g',50,'支',1.60,'1',11,1),(463,'FZYM','风疹疫苗','注射液','5ml',50,'支',10.00,'1',4,1),(464,'SLSXGENZ(ATP)','三磷酸腺苷二钠针(ATP)','注射液','20mg*2ml',50,'支',0.67,'10',2,1),(465,'PQSN(GTL)Z','葡醛酸钠(肝太乐)针','注射液','0.133g*2ml',50,'支',0.25,'10',3,1),(466,'FMAZ','辅酶A针','粉剂','100U',50,'支',2.96,'10',3,1),(467,'FFAJS15AA(GA)','复方氨基酸15AA(肝安)','注射液','250ml',50,'瓶',7.29,'1',3,1),(468,'DPLTP（MDL）','多潘立酮片（吗丁啉）','片剂','10mg*30',50,'片',0.47,'30',3,1),(469,'PTTSYTTJ','葡萄糖酸亚铁糖浆','糖浆剂','10ml*10',50,'支',1.85,'10',5,1),(470,'JSTP','结石通片','片剂','0.3g*100',500,'粒',0.07,'100',5,1),(471,'TBDQNZ','头孢地嗪钠针','注射液','0.5g',50,'支',25.79,'1',4,1),(472,'ZHDDW','中华跌打丸','丸剂','6g*6',50,'粒',1.63,'6',8,1),(473,'LSQGJJP','磷酸氢钙咀嚼片','片剂','0.15g*100',50,'片',0.01,'100',19,1),(474,'LHGZHTJ','罗汉果止咳糖浆','糖浆剂','100ml',50,'瓶',6.80,'1',16,1),(475,'WSSB1P','维生素B1片','片剂','10mg*100',50,'片',0.25,'100',19,1);
/*!40000 ALTER TABLE `medicines` ENABLE KEYS */;
UNLOCK TABLES;

--
-- Dumping data for table `patient`
--

LOCK TABLES `patient` WRITE;
/*!40000 ALTER TABLE `patient` DISABLE KEYS */;
INSERT INTO `patient` VALUES ('CBQ017','得文','1998-06-09 18:14:17','男','已婚','','440421988121191112','13627387666',NULL,20,'','','','2'),('DQH554','得文','1998-06-08 18:14:17','男','未婚','广东广州','440421998060990888','17666256251',NULL,20,'','','','2'),('JSD874','福斯','2007-12-10 18:14:17','男','未婚','广东','440421988121190171','13327383440',NULL,11,'','','','1'),('KBA480','伊夫','1999-02-02 07:32:31','男','未婚','广东','440421988121190779','13627387440',NULL,20,'','','','1'),('KGE718','斯蒂芬','1999-01-05 05:15:36','男','','广东','440421988121190772','13627387777',NULL,20,'','','','2'),('KIW762','萨埵','2015-06-15 19:00:56','女','未婚','','440421988121190111','13527387440',NULL,3,'','13627387442','','1'),('MNC863','不败','2017-01-09 19:00:56','男','','','440421988121190770','13627387666',NULL,2,'','','','2'),('NDX463','章维','1996-12-18 05:45:36','男','','东莞','440421199012133211','13926291223',NULL,22,'','','','1'),('QQT102','1','2019-04-30 14:06:33','男','','2','440421988121190888','13627387440',NULL,0,'','','','1'),('RBM266','胡爽','1999-01-19 05:15:36','男','','广东','440421988121190666','13627387499',NULL,20,'','','','2'),('RUB298','东方','2017-01-30 19:00:56','男','','','440421988121191110','13627387431',NULL,2,'','','','1'),('VPV696','11','2019-05-01 13:52:48','男','','1','440421988121190771','13627387440',NULL,0,'','','','2'),('WBP243',' 戴菲菲','2015-06-17 19:00:56','男','','','440421988121190712','13627387443',NULL,3,'','','','1'),('WID984','武毅','2009-02-03 08:06:05','男','','东莞','440421199612188099','13926803661',NULL,10,'','','','1'),('XAI175','12123','2019-05-01 14:08:37','男','','12','440421988121190882','13627387440',NULL,0,'','','','1'),('XMA536','史蒂','2007-12-30 18:14:17','女','','广东佛山','440421988121100011','13627387443',NULL,11,'','','','1');
/*!40000 ALTER TABLE `patient` ENABLE KEYS */;
UNLOCK TABLES;

--
-- Dumping data for table `patient_message`
--

LOCK TABLES `patient_message` WRITE;
/*!40000 ALTER TABLE `patient_message` DISABLE KEYS */;
INSERT INTO `patient_message` VALUES (21,'NDX463','T9915',1,NULL,NULL,'2019-03-28 05:50:23','一般',NULL,'206','2019-05-06 18:46:35','小儿急性喉炎','','sy009',NULL,NULL,'一级护理',NULL),(22,'WID984','P5648',1,6,10,'2019-03-28 08:05:47','一般',NULL,NULL,NULL,'新生儿肺炎','','sy009',NULL,NULL,'一级护理',NULL),(23,'KBA480','C6476',1,NULL,NULL,'2019-05-04 07:30:31','一般',NULL,'201','2019-05-04 13:30:25','胃痛','','sy010',NULL,NULL,'一级护理',NULL),(24,'VPV696','U2062',1,NULL,NULL,'2019-05-03 20:10:48','危',NULL,'201','2019-05-04 13:54:48','1','','sy009',NULL,NULL,'特殊护理',NULL),(25,'QQT102','M9560',1,NULL,NULL,'2019-05-08 14:30:33','一般',NULL,'201','2019-05-04 14:07:50','11','','sy010',NULL,NULL,'一级护理',NULL),(26,'XAI175','P2102',1,NULL,NULL,'2019-05-14 02:30:37','急',NULL,'302','2019-05-04 14:10:21','2','','sy015',NULL,NULL,'一级护理',NULL),(27,'XMA536','C9436',4,32,83,'2019-03-06 01:30:17','急',NULL,NULL,NULL,'阑尾炎','','sy021',NULL,NULL,'一级护理',NULL),(28,'JSD874','Q4456',6,52,137,'2019-04-03 19:10:17','一般',NULL,NULL,NULL,'慢性咽炎','','sy027',NULL,NULL,'二级护理',NULL),(29,'CBQ017','I7564',3,22,56,'2019-04-10 01:30:17','一般',NULL,NULL,NULL,'慢性子宫颈炎','','sy018',NULL,NULL,'一级护理',NULL),(30,'DQH554','V1482',5,42,110,'2019-04-10 01:30:17','一般',NULL,NULL,NULL,'高血压','','sy024',NULL,NULL,'一级护理',NULL),(31,'RUB298','C2582',1,1,1,'2019-01-28 18:30:56','一般',NULL,NULL,NULL,'手足口病','','sy009',NULL,NULL,'一级护理',NULL),(32,'MNC863','X8198',1,9,22,'2019-01-15 01:30:56','急',NULL,NULL,NULL,'小儿感冒','','sy009',NULL,NULL,'一级护理',NULL),(33,'KIW762','M0279',1,8,18,'2019-01-09 01:05:56','一般',NULL,NULL,NULL,'小儿肺炎','','sy010',NULL,NULL,'特殊护理',NULL),(34,'WBP243','D2031',1,3,4,'2019-01-22 23:30:56','其他',NULL,NULL,NULL,'小儿肺炎','','sy010',NULL,NULL,'一级护理',NULL),(35,'KGE718','X4532',1,3,3,'2019-05-02 05:10:36','一般',NULL,NULL,NULL,'小儿感冒','','sy009',NULL,NULL,'一级护理',NULL),(36,'RBM266','M7315',1,9,21,'2019-05-03 21:15:36','一般',NULL,NULL,NULL,'小儿肺炎','','sy009',NULL,NULL,'一级护理',NULL);
/*!40000 ALTER TABLE `patient_message` ENABLE KEYS */;
UNLOCK TABLES;
/*!50003 SET @saved_cs_client      = @@character_set_client */ ;
/*!50003 SET @saved_cs_results     = @@character_set_results */ ;
/*!50003 SET @saved_col_connection = @@collation_connection */ ;
/*!50003 SET character_set_client  = utf8 */ ;
/*!50003 SET character_set_results = utf8 */ ;
/*!50003 SET collation_connection  = utf8_general_ci */ ;
/*!50003 SET @saved_sql_mode       = @@sql_mode */ ;
/*!50003 SET sql_mode              = 'STRICT_TRANS_TABLES,NO_AUTO_CREATE_USER,NO_ENGINE_SUBSTITUTION' */ ;
DELIMITER ;;
/*!50003 CREATE*/ /*!50017 DEFINER=`root`@`localhost`*/ /*!50003 TRIGGER `hospital`.`patient_message_BEFORE_UPDATE` BEFORE UPDATE ON `patient_message` FOR EACH ROW
BEGIN
UPDATE bed SET bed_state = 1
WHERE bed_id = old.bed_id AND bed_state = 0;
END */;;
DELIMITER ;
/*!50003 SET sql_mode              = @saved_sql_mode */ ;
/*!50003 SET character_set_client  = @saved_cs_client */ ;
/*!50003 SET character_set_results = @saved_cs_results */ ;
/*!50003 SET collation_connection  = @saved_col_connection */ ;

--
-- Dumping data for table `payment`
--

LOCK TABLES `payment` WRITE;
/*!40000 ALTER TABLE `payment` DISABLE KEYS */;
INSERT INTO `payment` VALUES ('02973','WID984',NULL,32,'一级护理',1,25.00,25.00,NULL,0.00,'2019-04-28 17:04:11','sy001',NULL,NULL,'2019-04-28 17:07:37',1,'护理费'),('03e44','WID984',NULL,398,'胃肠道B超',2,30.00,60.00,NULL,0.00,'2019-04-25 07:14:08',NULL,NULL,NULL,NULL,0,'检查费'),('05829','WID984',NULL,NULL,'床位费',NULL,NULL,27.00,NULL,0.00,'2019-05-04 16:00:00','sy001',NULL,NULL,'2019-05-04 16:37:30',1,'床位费'),('08210','RBM266','JY201905292716',NULL,'肝功能十一项',NULL,NULL,50.00,NULL,0.00,'2019-05-29 00:31:33',NULL,NULL,NULL,NULL,0,'检验费'),('0956b','WID984',NULL,78,'泮托拉唑钠肠溶片',1,4.37,4.37,NULL,0.00,'2019-04-24 17:43:44','sy001',NULL,NULL,'2019-04-25 06:35:05',3,'药品费'),('0a50c','WID984',NULL,371,'妇科B超',1,30.00,30.00,NULL,0.00,'2019-04-23 11:22:55','sy001',NULL,NULL,'2019-04-24 15:51:29',1,'检查费'),('11f7b','WID984',NULL,384,'胃肠道B超',2,30.00,60.00,NULL,0.00,'2019-04-24 16:12:55','sy001',NULL,NULL,'2019-04-25 04:37:13',1,'检查费'),('16787','WID984',NULL,72,'特殊疾病护理',1,30.00,30.00,NULL,0.00,'2019-05-04 05:45:42','sy001',NULL,NULL,'2019-05-04 05:46:03',1,'护理费'),('1b952','WID984',NULL,42,'一般物理降温',1,6.00,6.00,NULL,0.00,'2019-04-30 19:03:11','sy001',NULL,NULL,'2019-04-30 19:05:42',1,'治疗费'),('26f37','WID984',NULL,24,'泮托拉唑钠针',1,15.95,63.80,NULL,0.00,'2019-05-08 05:38:35',NULL,NULL,NULL,NULL,0,'药品费'),('2efef','NDX463',NULL,NULL,'床位费',NULL,NULL,32.00,NULL,0.00,'2019-05-04 16:00:00','sy001',NULL,NULL,'2019-05-04 16:37:41',1,'床位费'),('321cf','WID984',NULL,50,'艾司西酞普兰',1,28.43,28.43,NULL,0.00,'2019-04-18 17:23:58','sy001',NULL,NULL,'2019-04-25 06:53:29',1,'药品费'),('331a2','WID984','JY201905024670',NULL,'肝功能十一项',NULL,NULL,50.00,NULL,0.00,'2019-05-05 01:34:06',NULL,NULL,NULL,NULL,0,'检验费'),('3cd52','WID984',NULL,60,'一级护理',1,25.00,25.00,NULL,0.00,'2019-05-04 05:35:24','sy001',NULL,NULL,'2019-05-04 05:36:36',1,'护理费'),('3f7b8','WID984',NULL,397,'大抢救',1,192.00,192.00,NULL,0.00,'2019-04-25 07:14:08',NULL,NULL,NULL,NULL,0,'治疗费'),('40249','WID984',NULL,49,'一级护理',1,25.00,25.00,NULL,0.00,'2019-05-02 03:18:17',NULL,NULL,NULL,NULL,0,'护理费'),('4f084','WID984',NULL,94,'一般物理降温',1,6.00,6.00,NULL,0.00,'2019-05-06 20:09:16','sy008',NULL,NULL,'2019-05-06 20:57:00',1,'治疗费'),('55492','NDX463',NULL,NULL,'床位费',NULL,NULL,32.00,NULL,0.00,'2019-05-02 16:00:00',NULL,NULL,NULL,NULL,0,'床位费'),('5776c','NDX463',NULL,NULL,'床位费',NULL,NULL,32.00,NULL,0.00,'2019-04-28 16:00:00','sy001',NULL,NULL,'2019-05-04 16:44:40',1,'床位费'),('5b5f5','WID984',NULL,NULL,'床位费',NULL,NULL,27.00,NULL,0.00,'2019-04-28 16:00:00','sy001',NULL,NULL,'2019-05-04 16:44:31',1,'床位费'),('5c53b','WID984',NULL,6,'注射用阿洛西林钠',1,15.20,15.20,NULL,0.00,'2019-04-30 19:03:30','sy001',NULL,NULL,'2019-04-30 19:05:42',1,'药品费'),('63f26','WID984',NULL,26,'氨氯地平片',1,1.20,1.20,NULL,0.00,'2019-05-08 05:38:35',NULL,NULL,NULL,NULL,0,'药品费'),('68dd0','WID984',NULL,73,'肤痒颗粒',1,5.93,5.93,NULL,0.00,'2019-04-23 08:22:20','sy001',NULL,NULL,'2019-04-24 15:54:03',1,'药品费'),('6dbc9','WID984',NULL,1,'艾司西酞普兰',1,17.43,17.43,NULL,0.00,'2019-04-29 15:03:58','sy001',NULL,NULL,'2019-05-04 16:44:31',1,'药品费'),('6fc67','WID984',NULL,9,'瑞巴派特',1,1.58,1.58,NULL,0.00,'2019-05-04 05:39:03','sy001',NULL,NULL,'2019-05-04 05:46:03',1,'药品费'),('6fd0d','WID984',NULL,399,'导尿',1,12.00,12.00,NULL,0.00,'2019-04-25 07:14:08',NULL,NULL,NULL,NULL,0,'治疗费'),('70184','WID984',NULL,365,'胃肠道B超',2,30.00,60.00,NULL,0.00,'2019-04-23 11:22:55','sy001',NULL,NULL,'2019-04-24 15:51:29',1,'检查费'),('709a9','WID984',NULL,12,'瑞巴派特',1,1.58,1.58,NULL,0.00,'2019-05-04 05:39:03','sy001',NULL,NULL,'2019-05-04 05:46:03',1,'药品费'),('72cbf','WID984',NULL,95,'特殊疾病护理',1,30.00,30.00,NULL,0.00,'2019-05-06 20:09:16','sy008',NULL,NULL,'2019-05-06 20:57:00',1,'护理费'),('73396','WID984',NULL,51,'阿莫西林克拉维酸钾分散片 （7：1）',1,2.74,2.74,NULL,0.00,'2019-04-21 09:13:37','sy001',NULL,NULL,'2019-04-25 06:53:06',1,'药品费'),('73bab','WID984',NULL,41,'一级护理',1,25.00,25.00,NULL,0.00,'2019-04-30 19:03:11','sy001',NULL,NULL,'2019-04-30 19:05:42',1,'护理费'),('76d00','WID984',NULL,NULL,'床位费',NULL,NULL,27.00,NULL,0.00,'2019-05-03 16:00:00','sy001',NULL,NULL,'2019-05-04 16:36:50',1,'床位费'),('77b3e','WID984',NULL,4,'注射用阿洛西林钠',1,7.90,7.90,NULL,0.00,'2019-04-29 16:43:01','sy001',NULL,NULL,'2019-04-30 19:06:12',1,'药品费'),('7a616','WID984',NULL,19,'注射用阿洛西林钠',1,15.20,15.20,NULL,0.00,'2019-05-06 20:23:56','sy008',NULL,NULL,'2019-05-06 20:57:00',1,'药品费'),('7b079','WID984',NULL,23,'右美沙芬',1,0.54,0.54,NULL,0.00,'2019-05-08 05:38:35',NULL,NULL,NULL,NULL,0,'药品费'),('7beb6','WID984',NULL,NULL,'床位费',NULL,NULL,27.00,NULL,0.00,'2019-05-06 16:00:00','sy008',NULL,NULL,'2019-05-06 20:57:00',1,'床位费'),('7d2ff','WID984',NULL,67,'一级护理',1,25.00,25.00,NULL,0.00,'2019-05-04 04:07:44','sy001',NULL,NULL,'2019-05-04 05:36:36',1,'护理费'),('7d6f5','WID984',NULL,71,'特殊疾病护理',1,30.00,30.00,NULL,0.00,'2019-05-04 05:45:00','sy001',NULL,NULL,'2019-05-04 05:46:03',1,'护理费'),('808c7','NDX463',NULL,NULL,'床位费',NULL,NULL,32.00,NULL,0.00,'2019-05-03 16:00:00','sy001',NULL,NULL,'2019-05-04 16:37:12',1,'床位费'),('82543','WID984',NULL,NULL,'床位费',NULL,NULL,27.00,NULL,0.00,'2019-05-28 16:00:00',NULL,NULL,NULL,NULL,0,'床位费'),('83954','WID984',NULL,390,'妇科B超',1,30.00,30.00,NULL,0.00,'2019-04-24 16:12:55','sy001',NULL,NULL,'2019-04-25 04:37:13',1,'检查费'),('860fc','NDX463','JY201905051133',NULL,'肝功能十一项',NULL,NULL,50.00,NULL,0.00,'2019-05-05 02:10:44',NULL,NULL,NULL,NULL,0,'检验费'),('8756f','NDX463',NULL,NULL,'床位费',NULL,NULL,32.00,NULL,0.00,'2019-05-06 16:00:00',NULL,NULL,NULL,NULL,0,'床位费'),('8feff','WID984',NULL,68,'一般物理降温',1,6.00,6.00,NULL,0.00,'2019-05-04 04:07:44','sy001',NULL,NULL,'2019-05-04 05:36:36',1,'治疗费'),('9177b','RBM266',NULL,NULL,'床位费',NULL,NULL,22.00,NULL,0.00,'2019-05-28 16:00:00',NULL,NULL,NULL,NULL,0,'床位费'),('9398f','WID984','JY201905058870',NULL,'肝功能十一项',NULL,NULL,50.00,NULL,0.00,'2019-05-05 02:10:38',NULL,NULL,NULL,NULL,0,'检验费'),('9476e','WID984',NULL,368,'泌尿系B超',1,30.00,30.00,NULL,0.00,'2019-04-23 11:22:55','sy001',NULL,NULL,'2019-04-24 15:51:29',1,'检查费'),('956f1','WID984',NULL,387,'泌尿系B超',1,30.00,30.00,NULL,0.00,'2019-04-24 16:12:55','sy001',NULL,NULL,'2019-04-25 04:37:13',1,'检查费'),('9ad66','WID984',NULL,36,'人工破膜术',1,39.00,39.00,NULL,0.00,'2019-04-28 17:11:49','sy001',NULL,NULL,'2019-04-28 17:12:21',1,'手术费'),('9d38a','NDX463',NULL,NULL,'床位费',NULL,NULL,32.00,NULL,0.00,'2019-05-01 16:00:00',NULL,NULL,NULL,NULL,0,'床位费'),('a112e','WID984',NULL,80,'特殊疾病护理',1,30.00,30.00,NULL,0.00,'2019-05-05 01:51:01',NULL,NULL,NULL,NULL,0,'护理费'),('a7724','WID984',NULL,38,'一般物理降温',1,6.00,6.00,NULL,0.00,'2019-04-29 18:22:26','sy001',NULL,NULL,'2019-04-30 19:06:12',1,'治疗费'),('a9db9','WID984',NULL,361,'胃肠道B超',1,30.00,30.00,NULL,0.00,'2019-04-21 09:55:19','sy001',NULL,NULL,'2019-04-25 06:53:06',1,'检查费'),('ae37a','WID984',NULL,NULL,'床位费',NULL,NULL,27.00,NULL,0.00,'2019-05-01 16:00:00',NULL,NULL,NULL,NULL,0,'床位费'),('AI3756','WID984',NULL,NULL,'预交金',NULL,NULL,0.00,NULL,3000.00,'2019-04-21 09:10:20','sy001',NULL,NULL,NULL,1,'预交金'),('b0598','WID984',NULL,35,'一般物理降温',1,6.00,6.00,NULL,0.00,'2019-04-28 17:03:32','sy001',NULL,NULL,'2019-04-28 17:07:41',1,'化验费'),('b52c4','WID984',NULL,77,'依替米星',1,126.00,126.00,NULL,0.00,'2019-04-24 17:43:44','sy001',NULL,NULL,'2019-04-25 04:37:13',1,'药品费'),('b7302','WID984',NULL,27,'头孢匹罗针',1,30.13,60.26,NULL,0.00,'2019-05-08 05:38:35',NULL,NULL,NULL,NULL,0,'药品费'),('b7e37','WID984',NULL,385,'导尿',1,12.00,12.00,NULL,0.00,'2019-04-24 16:12:55','sy001',NULL,NULL,'2019-04-25 04:37:13',1,'治疗费'),('b9161','WID984',NULL,366,'导尿',1,12.00,12.00,NULL,0.00,'2019-04-23 11:22:55','sy001',NULL,NULL,'2019-04-24 15:51:15',1,'治疗费'),('bb33d','WID984',NULL,13,'注射用阿洛西林钠',1,15.20,15.20,NULL,0.00,'2019-05-04 05:39:03','sy001',NULL,NULL,'2019-05-04 05:46:03',1,'药品费'),('BS5871','QQT102',NULL,NULL,'预交金',NULL,NULL,NULL,NULL,3000.00,'2019-05-04 14:06:52','sy001',NULL,NULL,NULL,NULL,'预交金'),('BU7433','XMA536',NULL,NULL,'预交金',NULL,NULL,NULL,NULL,3000.00,'2019-05-06 18:21:32','sy004',NULL,NULL,NULL,NULL,'预交金'),('c0934','WID984',NULL,22,'左氧氟沙星',1,58.20,58.20,NULL,0.00,'2019-05-08 05:38:35',NULL,NULL,NULL,NULL,0,'药品费'),('c1861','WID984',NULL,401,'泌尿系B超',1,30.00,30.00,NULL,0.00,'2019-04-25 07:14:08',NULL,NULL,NULL,NULL,0,'检查费'),('c62fa','WID984',NULL,5,'瑞巴派特',1,1.58,1.58,NULL,0.00,'2019-04-30 19:03:30','sy001',NULL,NULL,'2019-04-30 19:05:42',1,'药品费'),('c9043','WID984',NULL,364,'大抢救',1,192.00,192.00,NULL,0.00,'2019-04-23 11:22:55','sy001',NULL,NULL,'2019-04-24 15:51:29',1,'治疗费'),('caaa2','WID984',NULL,79,'艾司西酞普兰',1,20.90,20.90,NULL,0.00,'2019-04-24 17:43:44','sy001',NULL,NULL,'2019-04-25 04:37:13',1,'药品费'),('cc12a','KBA480',NULL,15,'阿莫西林胶囊',3,0.92,2.76,NULL,0.00,'2019-05-04 10:10:30',NULL,NULL,NULL,NULL,0,'药品费'),('cd17e','WID984',NULL,98,'心电监测',1,3.00,3.00,NULL,0.00,'2019-05-06 20:11:37','sy008',NULL,NULL,'2019-05-06 20:57:00',1,'检查费'),('CD7052','DQH554',NULL,NULL,'预交金',NULL,NULL,NULL,NULL,2000.00,'2019-05-06 18:40:00','sy004',NULL,NULL,NULL,NULL,'预交金'),('CL7813','WID984',NULL,NULL,'预交金',NULL,NULL,0.00,NULL,3000.00,'2019-04-23 08:22:20','sy001',NULL,NULL,NULL,1,'预交金'),('CN6753','RUB298',NULL,NULL,'预交金',NULL,NULL,NULL,NULL,3000.00,'2019-05-06 19:01:50','sy004',NULL,NULL,NULL,NULL,'预交金'),('d4b92','WID984',NULL,93,'一级护理',1,25.00,25.00,NULL,0.00,'2019-05-06 20:09:16','sy008',NULL,NULL,'2019-05-06 20:57:00',1,'护理费'),('d633b','WID984',NULL,37,'一级护理',1,25.00,25.00,NULL,0.00,'2019-04-29 18:22:26','sy001',NULL,NULL,'2019-04-30 19:06:12',1,'护理费'),('d99d7','WID984',NULL,NULL,'床位费',NULL,NULL,27.00,NULL,0.00,'2019-05-07 16:00:00',NULL,NULL,NULL,NULL,0,'床位费'),('d9e85','NDX463',NULL,83,'依替米星',1,126.00,126.00,NULL,0.00,'2019-04-25 05:34:13','sy001',NULL,NULL,'2019-04-25 06:13:26',1,'药品费'),('dce63','WID984',NULL,61,'一般物理降温',1,6.00,6.00,NULL,0.00,'2019-05-04 05:35:24','sy001',NULL,NULL,'2019-05-04 05:36:36',1,'治疗费'),('de9b8','WID984',NULL,18,'瑞巴派特',1,1.58,1.58,NULL,0.00,'2019-05-06 20:23:56','sy008',NULL,NULL,'2019-05-06 20:57:00',1,'药品费'),('DT2229','XAI175',NULL,NULL,'预交金',NULL,NULL,NULL,NULL,3000.00,'2019-05-04 14:09:24','sy001',NULL,NULL,NULL,NULL,'预交金'),('e3ac2','WID984',NULL,NULL,'床位费',NULL,NULL,27.00,NULL,0.00,'2019-05-02 16:00:00','sy001',NULL,NULL,'2019-05-04 16:38:16',1,'床位费'),('e5719','WID984',NULL,82,'阿莫西林克拉维酸钾',1,3.09,3.09,NULL,0.00,'2019-04-24 17:58:07','sy001',NULL,NULL,'2019-04-25 04:37:13',1,'药品费'),('e8b51','WID984',NULL,404,'妇科B超',1,30.00,30.00,NULL,0.00,'2019-04-25 07:14:08',NULL,NULL,NULL,NULL,0,'检查费'),('e91ad','NDX463',NULL,NULL,'床位费',NULL,NULL,32.00,NULL,0.00,'2019-05-05 16:00:00',NULL,NULL,NULL,NULL,0,'床位费'),('ed63f','WID984',NULL,NULL,'床位费',NULL,NULL,27.00,NULL,0.00,'2019-05-05 16:00:00',NULL,NULL,NULL,NULL,0,'床位费'),('EH7230','JSD874',NULL,NULL,'预交金',NULL,NULL,NULL,NULL,3000.00,'2019-05-06 18:25:49','sy004',NULL,NULL,NULL,NULL,'预交金'),('f5118','WID984',NULL,21,'甲钴胺胶囊',2,0.80,1.60,NULL,0.00,'2019-05-06 20:23:56','sy008',NULL,NULL,'2019-05-06 20:57:00',1,'药品费'),('f6b88','WID984',NULL,3,'艾司西酞普兰',1,17.43,17.43,NULL,0.00,'2019-04-28 17:08:30','sy001',NULL,NULL,'2019-04-28 17:10:16',3,'药品费'),('fd31e','WID984',NULL,25,'右美沙芬',1,0.54,1.62,NULL,0.00,'2019-05-08 05:38:35',NULL,NULL,NULL,NULL,0,'药品费'),('fe2d6','WID984',NULL,383,'大抢救',1,192.00,192.00,NULL,0.00,'2019-04-24 16:12:55','sy001',NULL,NULL,'2019-04-25 04:37:13',1,'治疗费'),('fe732','WID984',NULL,10,'注射用阿洛西林钠',1,15.20,15.20,NULL,0.00,'2019-05-04 05:39:03','sy001',NULL,NULL,'2019-05-04 05:46:03',1,'药品费'),('FG9612','KBA480',NULL,NULL,'预交金',NULL,NULL,NULL,NULL,3000.00,'2019-05-04 12:42:11','sy004',NULL,NULL,NULL,NULL,'预交金'),('FT4281','NDX463',NULL,NULL,'预交金',NULL,NULL,NULL,NULL,3000.00,'2019-04-25 07:32:03','sy001',NULL,NULL,NULL,NULL,'预交金'),('HP4057','WID984',NULL,NULL,'预交金',NULL,NULL,0.00,NULL,3000.00,'2019-04-23 08:19:38','sy001',NULL,NULL,NULL,1,'预交金'),('HXB292','KBA480',NULL,NULL,'退款',NULL,NULL,NULL,5997.24,0.00,'2019-05-04 13:30:25','sy004',NULL,NULL,NULL,NULL,'预交金'),('IIW600','VPV696',NULL,NULL,'退款',NULL,NULL,NULL,2000.00,0.00,'2019-05-04 13:54:48','sy004',NULL,NULL,NULL,NULL,'预交金'),('IQ2681','MNC863',NULL,NULL,'预交金',NULL,NULL,NULL,NULL,2000.00,'2019-05-06 19:03:05','sy004',NULL,NULL,NULL,NULL,'预交金'),('IVA034','XAI175',NULL,NULL,'退款',NULL,NULL,NULL,3000.00,0.00,'2019-05-04 14:10:21','sy004',NULL,NULL,NULL,NULL,'预交金'),('KP9371','KGE718',NULL,NULL,'预交金',NULL,NULL,NULL,NULL,2000.00,'2019-05-29 00:37:24','sy004',NULL,NULL,NULL,NULL,'预交金'),('MCN834','NDX463',NULL,NULL,'退款',NULL,NULL,NULL,5600.00,0.00,'2019-05-06 18:46:35','sy004',NULL,NULL,NULL,NULL,'预交金'),('NVK689','KBA480',NULL,NULL,'退款',NULL,NULL,NULL,5997.24,0.00,'2019-05-04 13:23:28','sy004',NULL,NULL,NULL,NULL,'预交金'),('OB6591','RBM266',NULL,NULL,'预交金',NULL,NULL,NULL,NULL,2000.00,'2019-05-08 05:18:19','sy004',NULL,NULL,NULL,NULL,'预交金'),('OTA474','KBA480',NULL,NULL,'退款',NULL,NULL,NULL,5997.24,0.00,'2019-05-04 13:27:25','sy004',NULL,NULL,NULL,NULL,'预交金'),('PB4038','KBA480',NULL,NULL,'预交金',NULL,NULL,NULL,NULL,3000.00,'2019-05-04 07:33:29','sy001',NULL,NULL,NULL,NULL,'预交金'),('RJ3230','KGE718',NULL,NULL,'预交金',NULL,NULL,NULL,NULL,2000.00,'2019-05-08 05:16:16','sy004',NULL,NULL,NULL,NULL,'预交金'),('RT7810','NDX463',NULL,NULL,'预交金',NULL,NULL,0.00,NULL,3000.00,'2019-04-14 06:18:47','sy001',NULL,NULL,NULL,0,'预交金'),('SXE860','QQT102',NULL,NULL,'退款',NULL,NULL,NULL,3000.00,0.00,'2019-05-04 14:07:50','sy004',NULL,NULL,NULL,NULL,'预交金'),('TG4782','VPV696',NULL,NULL,'预交金',NULL,NULL,NULL,NULL,2000.00,'2019-05-04 13:53:18','sy001',NULL,NULL,NULL,NULL,'预交金'),('TL6443','WBP243',NULL,NULL,'预交金',NULL,NULL,NULL,NULL,3000.00,'2019-05-06 19:06:10','sy004',NULL,NULL,NULL,NULL,'预交金'),('UA4041','WID984',NULL,NULL,'预交金',NULL,NULL,0.00,NULL,3000.00,'2019-04-08 12:55:50','sy001',NULL,NULL,NULL,0,'预交金'),('UQ9773','CBQ017',NULL,NULL,'预交金',NULL,NULL,NULL,NULL,2000.00,'2019-05-06 18:27:36','sy004',NULL,NULL,NULL,NULL,'预交金'),('WR2582','XMA536',NULL,NULL,'预交金',NULL,NULL,NULL,NULL,3000.00,'2019-05-06 18:56:04','sy004',NULL,NULL,NULL,NULL,'预交金'),('XX3019','KIW762',NULL,NULL,'预交金',NULL,NULL,NULL,NULL,3000.00,'2019-05-06 19:04:48','sy004',NULL,NULL,NULL,NULL,'预交金');
/*!40000 ALTER TABLE `payment` ENABLE KEYS */;
UNLOCK TABLES;

--
-- Dumping data for table `permisson`
--

LOCK TABLES `permisson` WRITE;
/*!40000 ALTER TABLE `permisson` DISABLE KEYS */;
INSERT INTO `permisson` VALUES (1,'超级管理员','2019-01-17 18:58:01'),(2,'住院管理员','2019-02-15 19:02:54'),(3,'药房管理员','2019-02-15 19:02:59'),(4,'普通管理员','2019-02-15 19:03:04');
/*!40000 ALTER TABLE `permisson` ENABLE KEYS */;
UNLOCK TABLES;

--
-- Dumping data for table `project`
--

LOCK TABLES `project` WRITE;
/*!40000 ALTER TABLE `project` DISABLE KEYS */;
INSERT INTO `project` VALUES (1,'YJHL','一级护理','日',25.00,1,2),(2,'EJHL','二级护理','日',12.00,1,2),(3,'SJHL','三级护理','日',8.00,1,2),(4,'TSJBHL','特殊疾病护理','日',30.00,1,2),(5,'XSEHL','新生儿护理','日',15.00,1,2),(9,'YQSR','氧气输入','小时',4.00,4,2),(10,'CSWHXR','超生雾化吸入','次',7.00,4,2),(11,'YBWLJW','一般物理降温','次',6.00,4,2),(12,'QJGC','清洁灌肠','次',18.00,4,2),(13,'DN','导尿','次',12.00,4,2),(14,'YDGXSY','阴道灌洗上药','次',10.00,4,2),(15,'XDJC','心电监测','次',3.00,3,2),(16,'GMZJ','肛门指检','次',7.00,3,2),(17,'TXJC','胎心监测','次',30.00,3,2),(18,'GGS','刮宫术','次',96.00,2,2),(19,'SHZT','术后镇痛','次',130.00,5,2),(20,'GJZS','宫颈注射','次',24.00,2,2),(21,'RGPMS','人工破膜术','次',39.00,5,2),(22,'DTSCJS','单胎顺产接生','次',650.00,5,2),(23,'PGCS','剖宫产术','次',1300.00,5,2),(24,'JCMZ','基础麻醉','次',39.00,5,2),(25,'YWXYCCZS','药物性引产处置术','次',84.00,5,2),(38,'JYDBCJC','经阴道B超检查','次',70.00,3,2),(39,'XBBC','胸部B超','次',30.00,3,2),(40,'FBBC','腹部B超','次',30.00,3,2),(41,'WCDBC','胃肠道B超','次',30.00,3,2),(42,'MNXBC','泌尿系B超','次',30.00,3,2),(43,'FKBC','妇科B超','次',30.00,3,2),(44,'CKBC','产科B超','次',50.00,3,2);
/*!40000 ALTER TABLE `project` ENABLE KEYS */;
UNLOCK TABLES;

--
-- Dumping data for table `requisition`
--

LOCK TABLES `requisition` WRITE;
/*!40000 ALTER TABLE `requisition` DISABLE KEYS */;
INSERT INTO `requisition` VALUES (1,'WID984','2019-04-26 16:00:00','sy001',0),(2,'WID984','2019-04-28 16:00:00','sy001',0),(3,'WID984','2019-04-29 16:00:00','sy001',0),(4,'WID984','2019-04-30 16:00:00','sy001',0),(5,'WID984','2019-05-01 16:00:00','sy001',0),(6,'WID984','2019-05-02 16:00:00','sy001',0),(7,'WID984','2019-05-03 16:00:00','sy001',0),(8,'KBA480','2019-05-03 16:00:00','sy001',0),(9,'NDX463','2019-05-04 16:00:00','sy008',0),(10,'WID984','2019-05-04 16:00:00','sy008',0),(11,'WID984','2019-05-06 16:00:00','sy008',0),(12,'WID984','2019-05-07 16:00:00','sy008',0),(13,'RBM266','2019-05-28 16:00:00','sy008',0);
/*!40000 ALTER TABLE `requisition` ENABLE KEYS */;
UNLOCK TABLES;

--
-- Dumping data for table `requisition_list`
--

LOCK TABLES `requisition_list` WRITE;
/*!40000 ALTER TABLE `requisition_list` DISABLE KEYS */;
INSERT INTO `requisition_list` VALUES (1,1,17,3,1,'sy001',1,'2019-04-29 15:03:55',1,'2019-04-27 08:40:18','2019-04-29 15:03:58',1,2,NULL,NULL,NULL),(2,2,31,6,1,'sy001',1,'2019-04-28 16:19:12',1,'2019-04-28 16:18:59','2019-04-28 16:19:16',1,4,'2019-04-28 16:32:11','2019-04-28 16:32:16','sy001'),(3,2,25,3,1,'sy001',1,'2019-04-28 16:29:02',1,'2019-04-28 16:28:47','2019-04-28 17:08:30',1,4,'2019-04-28 17:09:52','2019-04-28 17:09:54','sy001'),(4,3,40,64,1,'sy001',1,'2019-04-29 16:42:58',1,'2019-04-29 16:16:16','2019-04-29 16:43:01',1,2,NULL,NULL,NULL),(5,4,44,39,1,'sy001',1,'2019-04-30 19:03:27',1,'2019-04-30 19:03:11','2019-04-30 19:03:30',1,2,NULL,NULL,NULL),(6,4,45,120,1,'sy001',1,'2019-04-30 19:03:27',1,'2019-04-30 19:03:11','2019-04-30 19:03:30',1,2,NULL,NULL,NULL),(7,5,46,39,1,NULL,0,NULL,0,'2019-05-02 03:18:17',NULL,1,0,NULL,NULL,NULL),(8,5,47,120,1,NULL,0,NULL,0,'2019-05-02 03:18:17',NULL,1,0,NULL,NULL,NULL),(9,7,64,39,1,'sy001',1,'2019-05-04 05:39:01',1,'2019-05-04 04:07:44','2019-05-04 05:39:03',1,2,NULL,NULL,NULL),(10,7,65,120,1,'sy001',1,'2019-05-04 05:39:01',1,'2019-05-04 04:07:44','2019-05-04 05:39:03',1,2,NULL,NULL,NULL),(12,7,57,39,1,'sy001',1,'2019-05-04 05:39:01',1,'2019-05-04 05:35:24','2019-05-04 05:39:03',1,2,NULL,NULL,NULL),(13,7,58,120,1,'sy001',1,'2019-05-04 05:39:01',1,'2019-05-04 05:35:24','2019-05-04 05:39:03',1,2,NULL,NULL,NULL),(15,8,73,104,3,'sy001',1,'2019-05-04 10:10:28',1,'2019-05-04 07:41:18','2019-05-04 10:10:30',3,2,NULL,NULL,NULL),(16,10,75,39,1,NULL,0,NULL,0,'2019-05-05 01:51:00',NULL,1,0,NULL,NULL,NULL),(17,10,76,120,1,NULL,0,NULL,0,'2019-05-05 01:51:00',NULL,1,0,NULL,NULL,NULL),(18,11,90,39,1,'sy005',1,'2019-05-06 20:20:23',1,'2019-05-06 20:09:15','2019-05-06 20:23:56',1,2,NULL,NULL,NULL),(19,11,91,120,1,'sy005',1,'2019-05-06 20:20:23',1,'2019-05-06 20:09:15','2019-05-06 20:23:56',1,2,NULL,NULL,NULL),(21,11,97,48,2,'sy005',1,'2019-05-06 20:20:23',1,'2019-05-06 20:11:37','2019-05-06 20:23:56',2,2,NULL,NULL,NULL),(22,12,100,42,1,'sy006',1,'2019-05-08 05:37:01',1,'2019-05-08 05:35:12','2019-05-08 05:38:35',1,2,NULL,NULL,NULL),(23,12,101,59,1,'sy006',1,'2019-05-08 05:37:01',1,'2019-05-08 05:35:12','2019-05-08 05:38:35',1,2,NULL,NULL,NULL),(24,12,102,414,1,'sy006',1,'2019-05-08 05:37:01',1,'2019-05-08 05:35:12','2019-05-08 05:38:35',4,2,NULL,NULL,NULL),(25,12,103,59,1,'sy006',1,'2019-05-08 05:37:01',1,'2019-05-08 05:35:12','2019-05-08 05:38:35',3,2,NULL,NULL,NULL),(26,12,104,406,1,'sy006',1,'2019-05-08 05:37:01',1,'2019-05-08 05:35:12','2019-05-08 05:38:35',1,2,NULL,NULL,NULL),(27,12,105,411,1,'sy006',1,'2019-05-08 05:37:01',1,'2019-05-08 05:35:12','2019-05-08 05:38:35',2,2,NULL,NULL,NULL),(28,13,113,107,1,'sy006',1,'2019-05-29 00:29:05',1,'2019-05-29 00:15:38','2019-05-29 00:29:52',4,4,'2019-05-29 00:30:19','2019-05-29 00:30:23','sy006');
/*!40000 ALTER TABLE `requisition_list` ENABLE KEYS */;
UNLOCK TABLES;

--
-- Dumping data for table `role`
--

LOCK TABLES `role` WRITE;
/*!40000 ALTER TABLE `role` DISABLE KEYS */;
INSERT INTO `role` VALUES (1,1,'2019-01-17 19:00:20','超级管理员'),(2,2,'2019-02-15 19:05:51','住院管理员'),(3,3,'2019-02-15 19:15:32','药房管理员'),(4,4,'2019-02-15 19:15:56','护士'),(5,4,'2019-02-15 19:16:11','医生'),(6,4,'2019-02-15 19:16:11','医技人员'),(7,4,'2019-02-15 19:16:11','系统管理员');
/*!40000 ALTER TABLE `role` ENABLE KEYS */;
UNLOCK TABLES;

--
-- Dumping data for table `room`
--

LOCK TABLES `room` WRITE;
/*!40000 ALTER TABLE `room` DISABLE KEYS */;
INSERT INTO `room` VALUES (1,'201',1,NULL,0,0,NULL,NULL,NULL),(2,'202',1,NULL,0,0,NULL,NULL,NULL),(3,'203',1,NULL,0,0,NULL,NULL,NULL),(4,'204',1,NULL,0,0,NULL,NULL,NULL),(5,'205',1,NULL,0,0,NULL,NULL,NULL),(6,'206',1,NULL,0,0,NULL,NULL,NULL),(7,'207',1,NULL,0,0,NULL,NULL,NULL),(8,'208',1,NULL,0,0,NULL,NULL,NULL),(9,'209',1,NULL,0,0,NULL,NULL,NULL),(10,'210',1,NULL,0,0,NULL,NULL,NULL),(11,'301',2,NULL,0,0,NULL,NULL,NULL),(12,'302',2,NULL,0,0,NULL,NULL,NULL),(13,'303',2,NULL,0,0,NULL,NULL,NULL),(14,'304',2,NULL,0,0,NULL,NULL,NULL),(15,'305',2,NULL,0,0,NULL,NULL,NULL),(16,'306',2,NULL,0,0,NULL,NULL,NULL),(17,'307',2,NULL,0,0,NULL,NULL,NULL),(18,'308',2,NULL,0,0,NULL,NULL,NULL),(19,'309',2,NULL,0,0,NULL,NULL,NULL),(20,'310',2,NULL,0,0,NULL,NULL,NULL),(21,'401',3,NULL,0,0,NULL,NULL,NULL),(22,'402',3,NULL,0,0,NULL,NULL,NULL),(23,'403',3,NULL,0,0,NULL,NULL,NULL),(24,'404',3,NULL,0,0,NULL,NULL,NULL),(25,'405',3,NULL,0,0,NULL,NULL,NULL),(26,'406',3,NULL,0,0,NULL,NULL,NULL),(27,'407',3,NULL,0,0,NULL,NULL,NULL),(28,'408',3,NULL,0,0,NULL,NULL,NULL),(29,'409',3,NULL,0,0,NULL,NULL,NULL),(30,'410',3,NULL,0,0,NULL,NULL,NULL),(31,'501',4,NULL,0,0,NULL,NULL,NULL),(32,'502',4,NULL,0,0,NULL,NULL,NULL),(33,'503',4,NULL,0,0,NULL,NULL,NULL),(34,'504',4,NULL,0,0,NULL,NULL,NULL),(35,'505',4,NULL,0,0,NULL,NULL,NULL),(36,'506',4,NULL,0,0,NULL,NULL,NULL),(37,'507',4,NULL,0,0,NULL,NULL,NULL),(38,'508',4,NULL,0,0,NULL,NULL,NULL),(39,'509',4,NULL,0,0,NULL,NULL,NULL),(40,'510',4,NULL,0,0,NULL,NULL,NULL),(41,'601',5,NULL,0,0,NULL,NULL,NULL),(42,'602',5,NULL,0,0,NULL,NULL,NULL),(43,'603',5,NULL,0,0,NULL,NULL,NULL),(44,'604',5,NULL,0,0,NULL,NULL,NULL),(45,'605',5,NULL,0,0,NULL,NULL,NULL),(46,'606',5,NULL,0,0,NULL,NULL,NULL),(47,'607',5,NULL,0,0,NULL,NULL,NULL),(48,'608',5,NULL,0,0,NULL,NULL,NULL),(49,'609',5,NULL,0,0,NULL,NULL,NULL),(50,'610',5,NULL,0,0,NULL,NULL,NULL),(51,'701',6,NULL,0,0,NULL,NULL,NULL),(52,'702',6,NULL,0,0,NULL,NULL,NULL),(53,'703',6,NULL,0,0,NULL,NULL,NULL),(54,'704',6,NULL,0,0,NULL,NULL,NULL),(55,'705',6,NULL,0,0,NULL,NULL,NULL),(56,'706',6,NULL,0,0,NULL,NULL,NULL),(57,'707',6,NULL,0,0,NULL,NULL,NULL),(58,'708',6,NULL,0,0,NULL,NULL,NULL),(59,'709',6,NULL,0,0,NULL,NULL,NULL),(60,'710',6,'1',0,0,NULL,NULL,'1'),(61,'1212',1,'',1,1,NULL,NULL,'0'),(62,'1212',3,'',1,1,NULL,NULL,'');
/*!40000 ALTER TABLE `room` ENABLE KEYS */;
UNLOCK TABLES;

--
-- Dumping data for table `storage`
--

LOCK TABLES `storage` WRITE;
/*!40000 ALTER TABLE `storage` DISABLE KEYS */;
INSERT INTO `storage` VALUES ('RK201904300001','供应商1','sy001','2019-04-24 18:03:53','2019-04-30 06:15:36','sy001',NULL,1,'住院药房','采购入库'),('RK201904302684',NULL,'sy001','2019-04-30 16:27:11','2019-04-30 10:07:21','sy001',NULL,2,'住院药房 ','采购入库'),('RK201904303171',NULL,NULL,NULL,'2019-04-30 10:03:26','sy001',NULL,2,'住院药房 ','采购入库'),('RK201904303645',NULL,'sy001','2019-04-24 18:03:06','2019-04-30 14:54:49','sy001',NULL,2,'住院药房 ','采购入库'),('RK201904309107',NULL,'sy001','2019-04-30 16:27:17','2019-04-30 08:31:19','sy001',NULL,1,'住院药房 ','采购入库'),('RK201905043910',NULL,'sy006','2019-05-04 10:15:18','2019-05-04 10:13:25','sy006',NULL,1,'住院药房 ','采购入库'),('RK201905064555',NULL,NULL,NULL,'2019-05-06 09:43:15','sy005',NULL,0,'住院药房 ','采购入库');
/*!40000 ALTER TABLE `storage` ENABLE KEYS */;
UNLOCK TABLES;

--
-- Dumping data for table `storage_list`
--

LOCK TABLES `storage_list` WRITE;
/*!40000 ALTER TABLE `storage_list` DISABLE KEYS */;
INSERT INTO `storage_list` VALUES (2,'RK201904300001',7,14,'2019-04-16','2019-12-12',292.60,'供应商1'),(3,'RK201904300001',145,100,'2019-04-17','2019-12-12',15.00,'供应商2'),(4,'RK201904300001',230,100,'2019-04-09','2019-09-12',3.00,'供应商1'),(5,'RK201904300001',74,13,'2019-04-16','2019-10-25',447.20,'供应商1'),(6,'RK201904303645',41,9,'2019-04-17','2019-04-15',10.35,'供应商2'),(7,'RK201904309107',258,100,'2019-04-15','2020-04-18',52.00,'供应商1'),(8,'RK201904309107',438,20,'2019-04-15','2020-04-14',466.40,'供应商1'),(9,'RK201904302684',196,50,'2019-01-01','2019-11-21',31.50,'供应商2'),(10,'RK201904303171',280,22,'2019-05-06','2019-08-31',8.14,'供应商1'),(11,'RK201904303171',387,20,'2018-12-31','2019-08-20',11.40,'供应商1'),(12,'RK201904303171',475,100,'2018-12-19','2019-09-20',25.00,'供应商1'),(13,'RK201904303171',470,50,'2018-12-18','2019-09-19',3.50,'供应商1'),(14,'RK201905043910',6,10,'2019-05-04','2019-05-31',59.30,'供应商1'),(15,'RK201905064555',59,1,'2019-05-02','2022-08-19',0.54,'供应商2');
/*!40000 ALTER TABLE `storage_list` ENABLE KEYS */;
UNLOCK TABLES;

--
-- Dumping data for table `user`
--

LOCK TABLES `user` WRITE;
/*!40000 ALTER TABLE `user` DISABLE KEYS */;
INSERT INTO `user` VALUES (1,'张三',1,'admin','admin123','男','广东东莞','sy001','13728903391',NULL),(2,'李四',6,'lisi','lisi123','女','广东广州','sy002','13793323392',NULL),(3,'张妍',7,'zhangyan','zhangyan123','女','广东广州','sy003','13728453453',NULL),(4,'荆棘',2,'jingji','jingji123','女','广东广州','sy004','13345234232',NULL),(5,'李沁',3,'liqin','liqin123','女','广东广州','sy005','13704556780',1),(6,'言凡',3,'yanfan','yanfan123','男','广东深圳','sy006','18138917311',1),(7,'德武',4,'dewu','dewu123','男','广东深圳','sy007','15437546940',1),(8,'阿萨',4,'asa123','asa123','女','广东深圳','sy008','18345363254',1),(9,'奥斯丁',5,'asd123','asd123','男','广东广州','sy009','19342823129',1),(10,'史蒂夫',5,'shidufu','shidufu123','男','广东广州','sy010','16384882324',1),(11,'张帆',3,'zhangfan','zhangfan123','女','广东惠州','sy011','16384882325',2),(12,'余地',3,'yudi','yudi123','女','广东潮州','sy012','18345363252',2),(13,'谭嗣同',4,'tansitong','tansitong123','男','广东深圳','sy013','13704556781',2),(14,'周生贤',4,'zhoushengxian','zhoushengxian123','男','广东佛山','sy014','18345063252',2),(15,'梵蒂',5,'fandi','fandi123','女','广东东莞','sy015','13437546940',2),(16,'黄格',3,'huangge','huangge123','女','广东佛山','sy016','16384882390',3),(17,'俞飞',4,'yufei','yufei123','男','广东广州','sy017','18345063211',3),(18,'德福',5,'defu','defu123','男','广东汕头','sy018','18345063212',3),(19,'京东方',3,'jingdongfang','jingdongfang123','女','广东东莞','sy019','13704556782',4),(20,'美玉',4,'meiyu','meiyu123','女','广东深圳','sy020','13437546941',4),(21,'展锋',5,'zhanfeng','zhanfeng123','男','广东东莞','sy021','18335063211',4),(22,'明杰',3,'mingjie','mingjie123','男','广东广州','sy022','13704556789',5),(23,'桂芳',4,'guifang','guifang123','女','广东梅州','sy023','18704556782',5),(24,'家豪',5,'jiahao','jiahao123男','男','广东惠州','sy024','13804556781',5),(25,'晓彤',3,'xiaotong','xiaotong123','女','广东东莞','sy025','18345363999',6),(26,'韦德',4,'weide','weide123','男','广东广州','sy026','17666555555',6),(27,'威少',5,'weishao','weishao','男','广东深圳','sy027','17666555550',6);
/*!40000 ALTER TABLE `user` ENABLE KEYS */;
UNLOCK TABLES;

--
-- Dumping events for database 'hospital'
--

--
-- Dumping routines for database 'hospital'
--
/*!40103 SET TIME_ZONE=@OLD_TIME_ZONE */;

/*!40101 SET SQL_MODE=@OLD_SQL_MODE */;
/*!40014 SET FOREIGN_KEY_CHECKS=@OLD_FOREIGN_KEY_CHECKS */;
/*!40014 SET UNIQUE_CHECKS=@OLD_UNIQUE_CHECKS */;
/*!40101 SET CHARACTER_SET_CLIENT=@OLD_CHARACTER_SET_CLIENT */;
/*!40101 SET CHARACTER_SET_RESULTS=@OLD_CHARACTER_SET_RESULTS */;
/*!40101 SET COLLATION_CONNECTION=@OLD_COLLATION_CONNECTION */;
/*!40111 SET SQL_NOTES=@OLD_SQL_NOTES */;

-- Dump completed on 2019-06-01 20:46:32
